declaration	file	line	used_by_verified_project_declaration	axioms	exact_lean_type	reason
QuadraticTangZhang.normSq_sub_coordinates	QuadraticTangZhang/Moments.lean	14	true	propext; Classical.choice; Quot.sound	∀ (q : ℂ) (x y : ℝ), Complex.normSq (q - { re := x, im := y }) = Complex.normSq q - 2 * x * q.re - 2 * y * q.im + (x ^ 2 + y ^ 2)	Reached transitively from a verified BorceaVariance declaration.
QuadraticTangZhang.sum_normSq_sub	QuadraticTangZhang/Moments.lean	20	true	propext; Classical.choice; Quot.sound	∀ {m : ℕ} (q : Fin m → ℂ) (x y : ℝ), ∑ i, Complex.normSq (q i - { re := x, im := y }) = ∑ i, Complex.normSq (q i) - 2 * x * ∑ i, (q i).re - 2 * y * ∑ i, (q i).im + ↑m * (x ^ 2 + y ^ 2)	Reached transitively from a verified BorceaVariance declaration.
QuadraticTangZhang.variance_identity	QuadraticTangZhang/Moments.lean	29	true	propext; Classical.choice; Quot.sound	∀ {m : ℕ}, 0 < m → ∀ (q : Fin m → ℂ), (∑ i, Complex.normSq (q i - { re := QuadraticTangZhang.meanRe q, im := QuadraticTangZhang.meanIm q })) / ↑m = QuadraticTangZhang.secondMoment q - (QuadraticTangZhang.meanRe q ^ 2 + QuadraticTangZhang.meanIm q ^ 2)	Reached transitively from a verified BorceaVariance declaration.
QuadraticTangZhang.mean_sq_le_secondMoment	QuadraticTangZhang/Moments.lean	38	true	propext; Classical.choice; Quot.sound	∀ {m : ℕ}, 0 < m → ∀ (q : Fin m → ℂ), QuadraticTangZhang.meanRe q ^ 2 + QuadraticTangZhang.meanIm q ^ 2 ≤ QuadraticTangZhang.secondMoment q	Reached transitively from a verified BorceaVariance declaration.
QuadraticTangZhang.secondMoment_nonneg	QuadraticTangZhang/Moments.lean	45	true	propext; Classical.choice; Quot.sound	∀ {m : ℕ} (q : Fin m → ℂ), 0 ≤ QuadraticTangZhang.secondMoment q	Reached transitively from a verified BorceaVariance declaration.
QuadraticTangZhang.meanRe_bounds	QuadraticTangZhang/Moments.lean	48	false	propext; Classical.choice; Quot.sound	∀ {m : ℕ}, 0 < m → ∀ (q : Fin m → ℂ), QuadraticTangZhang.secondMoment q ≤ 1 → -1 ≤ QuadraticTangZhang.meanRe q ∧ QuadraticTangZhang.meanRe q ≤ 1	Not reached from verified project declarations; retained in the selected upstream module/import closure. No use as an exclusion assumption.
QuadraticTangZhang.sum_centered_re	QuadraticTangZhang/Moments.lean	54	true	propext; Classical.choice; Quot.sound	∀ {m : ℕ}, 0 < m → ∀ (q : Fin m → ℂ), ∑ i, ((q i).re - QuadraticTangZhang.meanRe q) = 0	Reached transitively from a verified BorceaVariance declaration.
QuadraticTangZhang.sum_centered_im	QuadraticTangZhang/Moments.lean	62	true	propext; Classical.choice; Quot.sound	∀ {m : ℕ}, 0 < m → ∀ (q : Fin m → ℂ), ∑ i, ((q i).im - QuadraticTangZhang.meanIm q) = 0	Reached transitively from a verified BorceaVariance declaration.
QuadraticTangZhang.boundary_secondMoment	QuadraticTangZhang/Moments.lean	71	false	propext; Classical.choice; Quot.sound	∀ {m : ℕ}, 0 < m → ∀ (q : Fin m → ℂ), ↑m ≤ ∑ i, (q i).re → 1 ≤ QuadraticTangZhang.secondMoment q	Not reached from verified project declarations; retained in the selected upstream module/import closure. No use as an exclusion assumption.
QuadraticTangZhang.boundary_rigidity	QuadraticTangZhang/Moments.lean	81	false	propext; Classical.choice; Quot.sound	∀ {m : ℕ}, 0 < m → ∀ (q : Fin m → ℂ), ↑m ≤ ∑ i, (q i).re → QuadraticTangZhang.secondMoment q = 1 → ∀ (i : Fin m), q i = 1	Not reached from verified project declarations; retained in the selected upstream module/import closure. No use as an exclusion assumption.
QuadraticTangZhang.boundary_equality_iff	QuadraticTangZhang/Moments.lean	99	false	propext; Classical.choice; Quot.sound	∀ {m : ℕ}, 0 < m → ∀ (q : Fin m → ℂ), ↑m ≤ ∑ i, (q i).re → (QuadraticTangZhang.secondMoment q = 1 ↔ ∀ (i : Fin m), q i = 1)	Not reached from verified project declarations; retained in the selected upstream module/import closure. No use as an exclusion assumption.
QuadraticTangZhang.affine_normSq	QuadraticTangZhang/Moments.lean	107	true	propext; Classical.choice; Quot.sound	∀ (q : ℂ) (a b : ℝ), Complex.normSq (↑a + ↑b * q) = a ^ 2 + 2 * a * b * q.re + b ^ 2 * Complex.normSq q	Reached transitively from a verified BorceaVariance declaration.
QuadraticTangZhang.affine_secondMoment	QuadraticTangZhang/Moments.lean	114	true	propext; Classical.choice; Quot.sound	∀ {m : ℕ}, 0 < m → ∀ (q : Fin m → ℂ) (a b : ℝ), (QuadraticTangZhang.secondMoment fun i => ↑a + ↑b * q i) = a ^ 2 + 2 * a * b * QuadraticTangZhang.meanRe q + b ^ 2 * QuadraticTangZhang.secondMoment q	Reached transitively from a verified BorceaVariance declaration.
QuadraticTangZhang.criticalReciprocals_card	QuadraticTangZhang/Reciprocal.lean	13	false	propext; Classical.choice; Quot.sound	∀ (p : Polynomial ℂ) (a : ℂ), (QuadraticTangZhang.criticalReciprocals p a).card = p.natDegree - 1	Not reached from verified project declarations; retained in the selected upstream module/import closure. No use as an exclusion assumption.
QuadraticTangZhang.criticalReciprocals_ne_zero	QuadraticTangZhang/Reciprocal.lean	18	true	propext; Classical.choice; Quot.sound	∀ (p : Polynomial ℂ) (a : ℂ), Polynomial.eval a (Polynomial.derivative p) ≠ 0 → ∀ v ∈ QuadraticTangZhang.criticalReciprocals p a, v ≠ 0	Reached transitively from a verified BorceaVariance declaration.
QuadraticTangZhang.criticalReciprocals_factorization	QuadraticTangZhang/Reciprocal.lean	27	true	propext; Classical.choice; Quot.sound	∀ (p : Polynomial ℂ) (a : ℂ), Polynomial.derivative p = Polynomial.C (↑p.natDegree * p.leadingCoeff) * (Multiset.map (fun z => Polynomial.X - Polynomial.C z) (Multiset.map (fun v => a - v⁻¹) (QuadraticTangZhang.criticalReciprocals p a))).prod	Reached transitively from a verified BorceaVariance declaration.
QuadraticTangZhang.reciprocalEnergy_of_ne	QuadraticTangZhang/Reciprocal.lean	41	false	propext; Classical.choice; Quot.sound	∀ {a z : ℂ}, a ≠ z → QuadraticTangZhang.reciprocalEnergy a z = ENNReal.ofReal (Complex.normSq (a - z)⁻¹)	Not reached from verified project declarations; retained in the selected upstream module/import closure. No use as an exclusion assumption.
QuadraticTangZhang.ofReal_multiset_sum	QuadraticTangZhang/Reciprocal.lean	47	false	propext; Classical.choice; Quot.sound	∀ {S : Multiset ℝ}, (∀ x ∈ S, 0 ≤ x) → ENNReal.ofReal S.sum = (Multiset.map ENNReal.ofReal S).sum	Not reached from verified project declarations; retained in the selected upstream module/import closure. No use as an exclusion assumption.
QuadraticTangZhang.criticalEnergy_eq_ofReal	QuadraticTangZhang/Reciprocal.lean	57	false	propext; Classical.choice; Quot.sound	∀ (p : Polynomial ℂ) (a : ℂ), Polynomial.eval a (Polynomial.derivative p) ≠ 0 → QuadraticTangZhang.criticalEnergy p a = ENNReal.ofReal (Multiset.map (⇑Complex.normSq) (QuadraticTangZhang.criticalReciprocals p a)).sum	Not reached from verified project declarations; retained in the selected upstream module/import closure. No use as an exclusion assumption.
QuadraticTangZhang.reciprocal_sum_le_of_energy_le	QuadraticTangZhang/Reciprocal.lean	71	false	propext; Classical.choice; Quot.sound	∀ (p : Polynomial ℂ) (a : ℂ), Polynomial.eval a (Polynomial.derivative p) ≠ 0 → QuadraticTangZhang.criticalEnergy p a ≤ ↑(p.natDegree - 1) → (Multiset.map (fun v => ‖v‖ ^ 2) (QuadraticTangZhang.criticalReciprocals p a)).sum ≤ ↑(p.natDegree - 1)	Not reached from verified project declarations; retained in the selected upstream module/import closure. No use as an exclusion assumption.
QuadraticTangZhang.multiset_variance_real	QuadraticTangZhang/Reciprocal.lean	84	false	propext; Classical.choice; Quot.sound	∀ (q : Multiset ℂ) (x : ℝ), (Multiset.map (fun v => Complex.normSq (v - ↑x)) q).sum = (Multiset.map (fun v => ‖v‖ ^ 2) q).sum - 2 * x * (Multiset.map Complex.re q).sum + ↑q.card * x ^ 2	Not reached from verified project declarations; retained in the selected upstream module/import closure. No use as an exclusion assumption.
QuadraticTangZhang.multiset_mean_sq_le	QuadraticTangZhang/Reciprocal.lean	96	false	propext; Classical.choice; Quot.sound	∀ {q : Multiset ℂ}, 0 < q.card → ∀ {x s : ℝ}, (Multiset.map Complex.re q).sum = ↑q.card * x → (Multiset.map (fun v => ‖v‖ ^ 2) q).sum = ↑q.card * s → x ^ 2 ≤ s	Not reached from verified project declarations; retained in the selected upstream module/import closure. No use as an exclusion assumption.
QuadraticTangZhang.reciprocalEnergy_self	QuadraticTangZhang/Statement.lean	38	false	propext; Classical.choice; Quot.sound	∀ (a : ℂ), QuadraticTangZhang.reciprocalEnergy a a = ⊤	Not reached from verified project declarations; retained in the selected upstream module/import closure. No use as an exclusion assumption.
QuadraticTangZhang.reciprocalEnergy_eq_top_iff	QuadraticTangZhang/Statement.lean	41	false	propext; Classical.choice; Quot.sound	∀ (a z : ℂ), QuadraticTangZhang.reciprocalEnergy a z = ⊤ ↔ a = z	Not reached from verified project declarations; retained in the selected upstream module/import closure. No use as an exclusion assumption.
QuadraticTangZhang.criticalEnergy_eq_top_of_mem	QuadraticTangZhang/Statement.lean	44	false	propext; Classical.choice; Quot.sound	∀ {p : Polynomial ℂ} {a : ℂ}, a ∈ (Polynomial.derivative p).roots → QuadraticTangZhang.criticalEnergy p a = ⊤	Not reached from verified project declarations; retained in the selected upstream module/import closure. No use as an exclusion assumption.
QuadraticTangZhang.main_at_common_zero	QuadraticTangZhang/Statement.lean	51	false	propext; Classical.choice; Quot.sound	∀ {p : Polynomial ℂ} {a : ℂ}, a ∈ (Polynomial.derivative p).roots → ↑(p.natDegree - 1) < QuadraticTangZhang.criticalEnergy p a	Not reached from verified project declarations; retained in the selected upstream module/import closure. No use as an exclusion assumption.
Sendov.prod_cons_eq	Sendov/Counterexample/Identities.lean	51	false	propext; Classical.choice; Quot.sound	∀ (a : ℂ) (z : Multiset ℂ), (Polynomial.X - Polynomial.C a) * (Multiset.map (fun w => Polynomial.X - Polynomial.C w) z).prod = (Multiset.map (fun w => Polynomial.X - Polynomial.C w) (a ::ₘ z)).prod	Not reached from verified project declarations; retained in the selected upstream module/import closure. No use as an exclusion assumption.
Sendov.centroid_identity	Sendov/Counterexample/Identities.lean	60	false	propext; Classical.choice; Quot.sound	∀ {n : ℕ} {a c : ℂ} {z q : Multiset ℂ}, 2 ≤ n → ∀ {p : Polynomial ℂ}, c ≠ 0 → z.card = n - 1 → q.card = n - 1 → p = Polynomial.C c * ((Polynomial.X - Polynomial.C a) * (Multiset.map (fun w => Polynomial.X - Polynomial.C w) z).prod) → Polynomial.derivative p = Polynomial.C (↑n * c) * (Multiset.map (fun w => Polynomial.X - Polynomial.C w) (Multiset.map (fun v => a - v⁻¹) q)).prod → (↑n - 1) * (a + z.sum) = ↑n * (Multiset.map (fun v => a - v⁻¹) q).sum	Not reached from verified project declarations; retained in the selected upstream module/import closure. No use as an exclusion assumption.
Sendov.sumEraseProd_zero	Sendov/Counterexample/Identities.lean	102	false	propext; Classical.choice; Quot.sound	Sendov.sumEraseProd 0 = 0	Not reached from verified project declarations; retained in the selected upstream module/import closure. No use as an exclusion assumption.
Sendov.sumEraseProd_cons	Sendov/Counterexample/Identities.lean	106	false	propext; Classical.choice; Quot.sound	∀ (v : ℂ) (t : Multiset ℂ), Sendov.sumEraseProd (v ::ₘ t) = t.prod + v * Sendov.sumEraseProd t	Not reached from verified project declarations; retained in the selected upstream module/import closure. No use as an exclusion assumption.
Sendov.prod_map_neg	Sendov/Counterexample/Identities.lean	116	true	propext; Classical.choice; Quot.sound	∀ (s : Multiset ℂ), (Multiset.map (fun w => -w) s).prod = (-1) ^ s.card * s.prod	Reached transitively from a verified BorceaVariance declaration.
Sendov.eval_prod_zero	Sendov/Counterexample/Identities.lean	125	true	propext; Classical.choice; Quot.sound	∀ (z : Multiset ℂ), Polynomial.eval 0 (Multiset.map (fun w => Polynomial.X - Polynomial.C w) z).prod = (-1) ^ z.card * z.prod	Reached transitively from a verified BorceaVariance declaration.
Sendov.eval_deriv_prod_zero	Sendov/Counterexample/Identities.lean	135	false	propext; Classical.choice; Quot.sound	∀ (z : Multiset ℂ), Polynomial.eval 0 (Polynomial.derivative (Multiset.map (fun w => Polynomial.X - Polynomial.C w) z).prod) = -((-1) ^ z.card * Sendov.sumEraseProd z)	Not reached from verified project declarations; retained in the selected upstream module/import closure. No use as an exclusion assumption.
Sendov.prod_inv_sub_mul	Sendov/Counterexample/Identities.lean	149	true	propext; Classical.choice; Quot.sound	∀ {a : ℂ} (q : Multiset ℂ), (∀ v ∈ q, v ≠ 0) → (Multiset.map (fun v => v⁻¹ - a) q).prod * q.prod = (Multiset.map (fun v => 1 - a * v) q).prod	Reached transitively from a verified BorceaVariance declaration.
Sendov.second_origin_identity	Sendov/Counterexample/Identities.lean	165	false	propext; Classical.choice; Quot.sound	∀ {n : ℕ} {a c : ℂ} {z q : Multiset ℂ} {p : Polynomial ℂ}, c ≠ 0 → z.card = n - 1 → (∀ v ∈ q, v ≠ 0) → p = Polynomial.C c * ((Polynomial.X - Polynomial.C a) * (Multiset.map (fun w => Polynomial.X - Polynomial.C w) z).prod) → Polynomial.derivative p = Polynomial.C (↑n * c) * (Multiset.map (fun w => Polynomial.X - Polynomial.C w) (Multiset.map (fun v => a - v⁻¹) q)).prod → ↑n * (Multiset.map (fun v => 1 - a * v) q).prod = (-1) ^ (n - 1) * q.prod * (z.prod + a * Sendov.sumEraseProd z)	Not reached from verified project declarations; retained in the selected upstream module/import closure. No use as an exclusion assumption.
Sendov.continuous_deriv_seg	Sendov/Counterexample/Identities.lean	203	true	propext; Classical.choice; Quot.sound	∀ (p : Polynomial ℂ) (a w : ℂ), Continuous fun t => Polynomial.eval (a + ↑t * (w - a)) (Polynomial.derivative p)	Reached transitively from a verified BorceaVariance declaration.
Sendov.eval_eq_integral	Sendov/Counterexample/Identities.lean	212	true	propext; Classical.choice; Quot.sound	∀ {p : Polynomial ℂ} {a : ℂ}, Polynomial.eval a p = 0 → ∀ (w : ℂ), Polynomial.eval w p = (w - a) * ∫ (t : ℝ) in 0..1, Polynomial.eval (a + ↑t * (w - a)) (Polynomial.derivative p)	Reached transitively from a verified BorceaVariance declaration.
Sendov.first_origin_identity	Sendov/Counterexample/Identities.lean	241	true	propext; Classical.choice; Quot.sound	∀ {n : ℕ} {a c : ℂ} {z q : Multiset ℂ} {p : Polynomial ℂ}, c ≠ 0 → a ≠ 0 → z.card = n - 1 → (∀ v ∈ q, v ≠ 0) → Polynomial.eval a p = 0 → p = Polynomial.C c * ((Polynomial.X - Polynomial.C a) * (Multiset.map (fun w => Polynomial.X - Polynomial.C w) z).prod) → Polynomial.derivative p = Polynomial.C (↑n * c) * (Multiset.map (fun w => Polynomial.X - Polynomial.C w) (Multiset.map (fun v => a - v⁻¹) q)).prod → ↑n * ∫ (t : ℝ) in 0..1, (Multiset.map (fun v => 1 - a * ↑t * v) q).prod = (-1) ^ (n - 1) * q.prod * z.prod	Reached transitively from a verified BorceaVariance declaration.
Sendov.prod_map_mul_const	Sendov/Counterexample/Identities.lean	297	false	propext; Classical.choice; Quot.sound	∀ (b : ℂ) (s : Multiset ℂ) (f : ℂ → ℂ), (Multiset.map (fun v => b * f v) s).prod = b ^ s.card * (Multiset.map f s).prod	Not reached from verified project declarations; retained in the selected upstream module/import closure. No use as an exclusion assumption.
Sendov.prod_inv_mul	Sendov/Counterexample/Identities.lean	306	true	propext; Classical.choice; Quot.sound	∀ (q : Multiset ℂ), (∀ v ∈ q, v ≠ 0) → (Multiset.map (fun v => v⁻¹) q).prod * q.prod = 1	Reached transitively from a verified BorceaVariance declaration.
Sendov.prod_sub_mul_prod	Sendov/Counterexample/Identities.lean	322	true	propext; Classical.choice; Quot.sound	∀ {n : ℕ} {a c : ℂ} {z q : Multiset ℂ} {p : Polynomial ℂ}, c ≠ 0 → (∀ v ∈ q, v ≠ 0) → p = Polynomial.C c * ((Polynomial.X - Polynomial.C a) * (Multiset.map (fun w => Polynomial.X - Polynomial.C w) z).prod) → Polynomial.derivative p = Polynomial.C (↑n * c) * (Multiset.map (fun w => Polynomial.X - Polynomial.C w) (Multiset.map (fun v => a - v⁻¹) q)).prod → q.prod * (Multiset.map (fun w => a - w) z).prod = ↑n	Reached transitively from a verified BorceaVariance declaration.
Sendov.polar_identity	Sendov/Counterexample/Identities.lean	355	false	propext; Classical.choice; Quot.sound	∀ {n : ℕ} {a c : ℂ} {z q : Multiset ℂ} {p : Polynomial ℂ}, c ≠ 0 → a ≠ 0 → a ^ 2 ≠ 1 → z.card = n - 1 → q.card = n - 1 → (∀ v ∈ q, v ≠ 0) → Polynomial.eval a p = 0 → p = Polynomial.C c * ((Polynomial.X - Polynomial.C a) * (Multiset.map (fun w => Polynomial.X - Polynomial.C w) z).prod) → Polynomial.derivative p = Polynomial.C (↑n * c) * (Multiset.map (fun w => Polynomial.X - Polynomial.C w) (Multiset.map (fun v => a - v⁻¹) q)).prod → q.prod * (Multiset.map (fun w => 1 - a * w) z).prod = ↑n * ∫ (t : ℝ) in 0..1, (Multiset.map (fun v => a + ↑t * (1 - a ^ 2) * v) q).prod	Not reached from verified project declarations; retained in the selected upstream module/import closure. No use as an exclusion assumption.
Sendov.exists_root_multiset	Sendov/Counterexample/Factor.lean	46	false	propext; Classical.choice; Quot.sound	∀ {n : ℕ}, 1 ≤ n → ∀ {p : Polynomial ℂ}, p.natDegree = n → (∀ w ∈ p.roots, ‖w‖ ≤ 1) → ∀ {a : ℂ}, Polynomial.eval a p = 0 → ∃ z, z.card = n - 1 ∧ (∀ w ∈ z, ‖w‖ ≤ 1) ∧ p = Polynomial.C p.leadingCoeff * ((Polynomial.X - Polynomial.C a) * (Multiset.map (fun w => Polynomial.X - Polynomial.C w) z).prod)	Not reached from verified project declarations; retained in the selected upstream module/import closure. No use as an exclusion assumption.
Sendov.exists_crit_multiset	Sendov/Counterexample/Factor.lean	74	false	propext; Classical.choice; Quot.sound	∀ {n : ℕ}, 2 ≤ n → ∀ {p : Polynomial ℂ}, p.natDegree = n → ∀ {a : ℂ}, (∀ (w : ℂ), Polynomial.eval w (Polynomial.derivative p) = 0 → 1 ≤ ‖w - a‖) → ∃ q, q.card = n - 1 ∧ (∀ v ∈ q, ‖v‖ ≤ 1) ∧ (∀ v ∈ q, v ≠ 0) ∧ Polynomial.derivative p = Polynomial.C (↑n * p.leadingCoeff) * (Multiset.map (fun v => Polynomial.X - Polynomial.C (a - v⁻¹)) q).prod	Not reached from verified project declarations; retained in the selected upstream module/import closure. No use as an exclusion assumption.
QuadraticTangZhang.weighted_product_split	QuadraticTangZhang/CenteredIdentity.lean	15	true	propext; Classical.choice; Quot.sound	∀ {ι : Type u_1} [inst : DecidableEq ι] (s : Finset ι) (D c : Polynomial ℂ) (w : ι → Polynomial ℂ), D * ∑ j ∈ s, w j * ∏ k ∈ s.erase j, (D - c * w k) = (∑ j ∈ s, w j) * ∏ k ∈ s, (D - c * w k) + c * ∑ j ∈ s, w j ^ 2 * ∏ k ∈ s.erase j, (D - c * w k)	Reached transitively from a verified BorceaVariance declaration.
QuadraticTangZhang.centered_interpolation_polynomial	QuadraticTangZhang/CenteredIdentity.lean	27	true	propext; Classical.choice; Quot.sound	∀ {ι : Type u_1} [inst : DecidableEq ι] (s : Finset ι) (D c : ℂ) (w : ι → ℂ), ∑ j ∈ s, w j = 0 → Polynomial.C D * Polynomial.derivative (∏ j ∈ s, (Polynomial.C D - Polynomial.C c * Polynomial.X * Polynomial.C (w j))) = -Polynomial.C (c ^ 2) * Polynomial.X * ∑ j ∈ s, Polynomial.C (w j ^ 2) * ∏ k ∈ s.erase j, (Polynomial.C D - Polynomial.C c * Polynomial.X * Polynomial.C (w k))	Reached transitively from a verified BorceaVariance declaration.
QuadraticTangZhang.origin_derivative_polynomial	QuadraticTangZhang/CenteredIdentity.lean	52	true	propext; Classical.choice; Quot.sound	∀ {ι : Type u_1} [inst : DecidableEq ι] (s : Finset ι) (a : ℂ) (q : ι → ℂ), Polynomial.derivative (∏ j ∈ s, (1 - Polynomial.C a * Polynomial.X * Polynomial.C (q j))) = -Polynomial.C a * Polynomial.C (∑ j ∈ s, q j) * ∏ k ∈ s, (1 - Polynomial.C a * Polynomial.X * Polynomial.C (q k)) - Polynomial.C (a ^ 2) * Polynomial.X * ∑ j ∈ s, Polynomial.C (q j ^ 2) * ∏ k ∈ s.erase j, (1 - Polynomial.C a * Polynomial.X * Polynomial.C (q k))	Reached transitively from a verified BorceaVariance declaration.
QuadraticTangZhang.centered_sum_norm_sq	QuadraticTangZhang/CenteredRemainder.lean	20	true	propext; Classical.choice; Quot.sound	∀ {m : ℕ} (w : Fin m → ℂ), ∑ j, w j = 0 → ∀ (D : ℂ) (c : ℝ), ∑ j, ‖D - ↑c * w j‖ ^ 2 = ↑m * ‖D‖ ^ 2 + c ^ 2 * ∑ j, ‖w j‖ ^ 2	Reached transitively from a verified BorceaVariance declaration.
QuadraticTangZhang.centered_remainder_general	QuadraticTangZhang/CenteredRemainder.lean	34	false	propext; Classical.choice; Quot.sound	∀ {m : ℕ}, 2 ≤ m → ∀ (w : Fin m → ℂ), ∑ j, w j = 0 → ∀ {D : ℂ}, D ≠ 0 → ∀ (c : ℝ) {B : ℝ}, 0 ≤ B → ↑m * ‖D‖ ^ 2 + c ^ 2 * ∑ j, ‖w j‖ ^ 2 ≤ ↑m * B → ‖∏ j, (D - ↑c * w j) - D ^ m‖ ≤ (5 * c ^ 2 * ∑ j, ‖w j‖ ^ 2) / (6 * ‖D‖) * B ^ (↑(m - 1) / 2)	Not reached from verified project declarations; retained in the selected upstream module/import closure. No use as an exclusion assumption.
QuadraticTangZhang.norm_meanComplex_sq	QuadraticTangZhang/CenteredRemainder.lean	104	true	propext; Classical.choice; Quot.sound	∀ {m : ℕ} (q : Fin m → ℂ), ‖QuadraticTangZhang.meanComplex q‖ ^ 2 = QuadraticTangZhang.meanRe q ^ 2 + QuadraticTangZhang.meanIm q ^ 2	Reached transitively from a verified BorceaVariance declaration.
QuadraticTangZhang.sum_sub_meanComplex	QuadraticTangZhang/CenteredRemainder.lean	109	true	propext; Classical.choice; Quot.sound	∀ {m : ℕ}, 0 < m → ∀ (q : Fin m → ℂ), ∑ j, (q j - QuadraticTangZhang.meanComplex q) = 0	Reached transitively from a verified BorceaVariance declaration.
QuadraticTangZhang.centered_variance_sum	QuadraticTangZhang/CenteredRemainder.lean	115	true	propext; Classical.choice; Quot.sound	∀ {m : ℕ}, 0 < m → ∀ (q : Fin m → ℂ), ∑ j, ‖q j - QuadraticTangZhang.meanComplex q‖ ^ 2 = ↑m * (QuadraticTangZhang.secondMoment q - ‖QuadraticTangZhang.meanComplex q‖ ^ 2)	Reached transitively from a verified BorceaVariance declaration.
QuadraticTangZhang.norm_meanComplex_le_one	QuadraticTangZhang/CenteredRemainder.lean	124	true	propext; Classical.choice; Quot.sound	∀ {m : ℕ}, 0 < m → ∀ (q : Fin m → ℂ), QuadraticTangZhang.secondMoment q ≤ 1 → ‖QuadraticTangZhang.meanComplex q‖ ≤ 1	Reached transitively from a verified BorceaVariance declaration.
QuadraticTangZhang.one_sub_meanComplex_ne_zero	QuadraticTangZhang/CenteredRemainder.lean	130	false	propext; Classical.choice; Quot.sound	∀ {m : ℕ}, 0 < m → ∀ (q : Fin m → ℂ), QuadraticTangZhang.secondMoment q ≤ 1 → ∀ {u : ℝ}, 0 ≤ u → u < 1 → 1 - ↑u * QuadraticTangZhang.meanComplex q ≠ 0	Not reached from verified project declarations; retained in the selected upstream module/import closure. No use as an exclusion assumption.
QuadraticTangZhang.sum_origin_norm_sq	QuadraticTangZhang/CenteredRemainder.lean	140	true	propext; Classical.choice; Quot.sound	∀ {m : ℕ}, 0 < m → ∀ (q : Fin m → ℂ) (a t : ℝ), ∑ j, ‖1 - ↑a * ↑t * q j‖ ^ 2 = ↑m * QuadraticTangZhang.betaS a (QuadraticTangZhang.meanRe q) (QuadraticTangZhang.secondMoment q) t	Reached transitively from a verified BorceaVariance declaration.
QuadraticTangZhang.centered_remainder_estimate	QuadraticTangZhang/CenteredRemainder.lean	156	false	propext; Classical.choice; Quot.sound	∀ {m : ℕ}, 2 ≤ m → ∀ (q : Fin m → ℂ), QuadraticTangZhang.secondMoment q ≤ 1 → ∀ {a t : ℝ}, 0 ≤ a → a < 1 → 0 ≤ t → t ≤ 1 → ‖∏ j, (1 - ↑a * ↑t * q j) - (1 - ↑a * ↑t * QuadraticTangZhang.meanComplex q) ^ m‖ ≤ 5 * ↑m * a ^ 2 * t ^ 2 * (QuadraticTangZhang.secondMoment q - ‖QuadraticTangZhang.meanComplex q‖ ^ 2) / (6 * ‖1 - ↑a * ↑t * QuadraticTangZhang.meanComplex q‖) * QuadraticTangZhang.betaS a (QuadraticTangZhang.meanRe q) (QuadraticTangZhang.secondMoment q) t ^ (↑(m - 1) / 2)	Not reached from verified project declarations; retained in the selected upstream module/import closure. No use as an exclusion assumption.
QuadraticTangZhang.prod_norm_sq_le_mean	QuadraticTangZhang/DeletedProducts.lean	11	true	propext; Classical.choice; Quot.sound	∀ {ι : Type u_1} (s : Finset ι) (f : ι → ℂ), ‖∏ i ∈ s, f i‖ ^ 2 ≤ ((∑ i ∈ s, ‖f i‖ ^ 2) / ↑s.card) ^ s.card	Reached transitively from a verified BorceaVariance declaration.
QuadraticTangZhang.norm_prod_le_moment	QuadraticTangZhang/DeletedProducts.lean	20	true	propext; Classical.choice; Quot.sound	∀ {ι : Type u_1} (s : Finset ι), 0 < s.card → ∀ (f : ι → ℂ) {B : ℝ}, 0 ≤ B → ∑ i ∈ s, ‖f i‖ ^ 2 ≤ ↑s.card * B → ‖∏ i ∈ s, f i‖ ≤ B ^ (↑s.card / 2)	Reached transitively from a verified BorceaVariance declaration.
QuadraticTangZhang.deleted_amgm_coefficient	QuadraticTangZhang/DeletedProducts.lean	37	false	propext; Classical.choice; Quot.sound	∀ {m : ℕ}, 2 ≤ m → (↑m / ↑(m - 1)) ^ (m - 1) ≤ Real.exp 1	Not reached from verified project declarations; retained in the selected upstream module/import closure. No use as an exclusion assumption.
QuadraticTangZhang.norm_deleted_prod_le	QuadraticTangZhang/DeletedProducts.lean	54	false	propext; Classical.choice; Quot.sound	∀ {ι : Type u_1} [inst : DecidableEq ι] (s : Finset ι), 2 ≤ s.card → ∀ j ∈ s, ∀ (f : ι → ℂ) {B : ℝ}, 0 ≤ B → ∑ i ∈ s, ‖f i‖ ^ 2 ≤ ↑s.card * B → ‖∏ i ∈ s.erase j, f i‖ ≤ 5 / 3 * B ^ (↑(s.card - 1) / 2)	Not reached from verified project declarations; retained in the selected upstream module/import closure. No use as an exclusion assumption.
QuadraticTangZhang.exp_one_bounds	QuadraticTangZhang/AnalyticConstants.lean	13	true	propext; Classical.choice; Quot.sound	27 / 10 < Real.exp 1 ∧ Real.exp 1 < 11 / 4	Reached transitively from a verified BorceaVariance declaration.
QuadraticTangZhang.sqrt_exp_one_lt	QuadraticTangZhang/AnalyticConstants.lean	18	false	propext; Classical.choice; Quot.sound	√(Real.exp 1) < 5 / 3	Not reached from verified project declarations; retained in the selected upstream module/import closure. No use as an exclusion assumption.
QuadraticTangZhang.log_million_bounds	QuadraticTangZhang/AnalyticConstants.lean	22	false	propext; Classical.choice; Quot.sound	13 < Real.log 1000000 ∧ Real.log 1000000 < 14	Not reached from verified project declarations; retained in the selected upstream module/import closure. No use as an exclusion assumption.
QuadraticTangZhang.log_three_eighths_million	QuadraticTangZhang/AnalyticConstants.lean	36	false	propext; Classical.choice; Quot.sound	12 < Real.log 375000	Not reached from verified project declarations; retained in the selected upstream module/import closure. No use as an exclusion assumption.
QuadraticTangZhang.log_fifty_thousand	QuadraticTangZhang/AnalyticConstants.lean	43	false	propext; Classical.choice; Quot.sound	4 < Real.log 50000	Not reached from verified project declarations; retained in the selected upstream module/import closure. No use as an exclusion assumption.
QuadraticTangZhang.near_coefficient_base	QuadraticTangZhang/AnalyticConstants.lean	50	false	propext; Classical.choice; Quot.sound	2048 * (5 / 3) / 81 * (10 / 9) ^ 3 * (1000000 ^ 2 * (1000000 + 1) / (1000000 - 1) ^ 3) < 60	Not reached from verified project declarations; retained in the selected upstream module/import closure. No use as an exclusion assumption.
QuadraticTangZhang.decreasing_coefficient_base	QuadraticTangZhang/AnalyticConstants.lean	54	false	propext; Classical.choice; Quot.sound	20 / 3 * (1000000 / (1000000 - 1)) ^ 2 < 7	Not reached from verified project declarations; retained in the selected upstream module/import closure. No use as an exclusion assumption.
QuadraticTangZhang.near_endpoint_coefficient_base	QuadraticTangZhang/AnalyticConstants.lean	57	false	propext; Classical.choice; Quot.sound	4 * (5 / 3) * (1000000 / (1000000 - 1)) ^ 2 < 7	Not reached from verified project declarations; retained in the selected upstream module/import closure. No use as an exclusion assumption.
QuadraticTangZhang.near_total_base	QuadraticTangZhang/AnalyticConstants.lean	60	false	propext; Classical.choice; Quot.sound	60 / 1000000 + 7 / 1000000 ^ 2 < 61 / 1000000 ∧ 61 / 1000000 < 9 / 20	Not reached from verified project declarations; retained in the selected upstream module/import closure. No use as an exclusion assumption.
QuadraticTangZhang.near_exponent_base	QuadraticTangZhang/AnalyticConstants.lean	64	false	propext; Classical.choice; Quot.sound	1000 / 6 > 56 ∧ 9 * 1000000 / 160 > 56	Not reached from verified project declarations; retained in the selected upstream module/import closure. No use as an exclusion assumption.
QuadraticTangZhang.polar_log_exponent_base	QuadraticTangZhang/AnalyticConstants.lean	67	false	propext; Classical.choice; Quot.sound	10 * (1 - 3 / 1000000) > 9	Not reached from verified project declarations; retained in the selected upstream module/import closure. No use as an exclusion assumption.
QuadraticTangZhang.small_alpha_base	QuadraticTangZhang/AnalyticConstants.lean	69	false	propext; Classical.choice; Quot.sound	16 * 16 ^ 2 < 2 ^ 17 ∧ (17 / 16) ^ 2 < 2	Not reached from verified project declarations; retained in the selected upstream module/import closure. No use as an exclusion assumption.
QuadraticTangZhang.large_alpha_base	QuadraticTangZhang/AnalyticConstants.lean	72	false	propext; Classical.choice; Quot.sound	1 / (2 * 1000000 ^ 3) < 1 / 4	Not reached from verified project declarations; retained in the selected upstream module/import closure. No use as an exclusion assumption.
QuadraticTangZhang.sigma_base	QuadraticTangZhang/AnalyticConstants.lean	74	false	propext; Classical.choice; Quot.sound	(1000000 - 1) / (1000000 + 2) > 99999 / 100000	Not reached from verified project declarations; retained in the selected upstream module/import closure. No use as an exclusion assumption.
QuadraticTangZhang.degree_correction_base	QuadraticTangZhang/AnalyticConstants.lean	76	false	propext; Classical.choice; Quot.sound	1 / (1 - 56 / (1000000 + 2)) < 1001 / 1000	Not reached from verified project declarations; retained in the selected upstream module/import closure. No use as an exclusion assumption.
QuadraticTangZhang.small_a_power_base	QuadraticTangZhang/AnalyticConstants.lean	79	false	propext; Classical.choice; Quot.sound	(8 / 3) ^ 4 < 4 ^ 3	Not reached from verified project declarations; retained in the selected upstream module/import closure. No use as an exclusion assumption.
QuadraticTangZhang.small_a_increasing_coefficient	QuadraticTangZhang/AnalyticConstants.lean	81	false	propext; Classical.choice; Quot.sound	4 * (5 / 3) * (1001 / 1000) / (27 / 10) < 5 / 2	Not reached from verified project declarations; retained in the selected upstream module/import closure. No use as an exclusion assumption.
QuadraticTangZhang.small_a_decreasing_coefficient	QuadraticTangZhang/AnalyticConstants.lean	84	false	propext; Classical.choice; Quot.sound	7 * (1000000 + 2) / (24 * 1000000) < 292 / 1000	Not reached from verified project declarations; retained in the selected upstream module/import closure. No use as an exclusion assumption.
QuadraticTangZhang.small_a_total	QuadraticTangZhang/AnalyticConstants.lean	87	false	propext; Classical.choice; Quot.sound	292 / 1000 + 5 / 26 + 1 / 10000 < 1 / 2	Not reached from verified project declarations; retained in the selected upstream module/import closure. No use as an exclusion assumption.
QuadraticTangZhang.cube_root_base	QuadraticTangZhang/AnalyticConstants.lean	89	false	propext; Classical.choice; Quot.sound	72 ^ 3 < 375000	Not reached from verified project declarations; retained in the selected upstream module/import closure. No use as an exclusion assumption.
QuadraticTangZhang.large_a_correction_base	QuadraticTangZhang/AnalyticConstants.lean	91	false	propext; Classical.choice; Quot.sound	1 / (1 - 14 / 75000) < 1001 / 1000	Not reached from verified project declarations; retained in the selected upstream module/import closure. No use as an exclusion assumption.
QuadraticTangZhang.large_a_increasing_coefficient	QuadraticTangZhang/AnalyticConstants.lean	93	false	propext; Classical.choice; Quot.sound	5 / 12 * (1 / 27) * (1001 / 1000) < 16 / 1000	Not reached from verified project declarations; retained in the selected upstream module/import closure. No use as an exclusion assumption.
QuadraticTangZhang.large_a_total	QuadraticTangZhang/AnalyticConstants.lean	96	false	propext; Classical.choice; Quot.sound	112 / 1000000 + 8 / (3 * 1000000) + 16 / 1000 < 17 / 1000 ∧ 17 / 1000 < 1 / 20	Not reached from verified project declarations; retained in the selected upstream module/import closure. No use as an exclusion assumption.
QuadraticTangZhang.boundary_gap_base	QuadraticTangZhang/AnalyticConstants.lean	100	false	propext; Classical.choice; Quot.sound	(19 / 20) ^ 2 > 9 / 10	Not reached from verified project declarations; retained in the selected upstream module/import closure. No use as an exclusion assumption.
Sendov.amgm_step	Sendov/Analytic/Maclaurin.lean	54	true	propext; Classical.choice; Quot.sound	∀ {a : ℝ} (N : ℕ) {u : ℝ}, 0 < u → 0 ≤ a → a * u ^ N ≤ ((a + ↑N * u) / (↑N + 1)) ^ (N + 1)	Reached transitively from a verified BorceaVariance declaration.
Sendov.maclaurin_step	Sendov/Analytic/Maclaurin.lean	75	true	propext; Classical.choice; Quot.sound	∀ {a : ℝ} (N : ℕ), 1 ≤ N → ∀ {u : ℝ}, 0 < u → 0 ≤ a → u ^ N + ↑N * a * u ^ (N - 1) ≤ (↑N + 1) * ((a + ↑N * u) / (↑N + 1)) ^ N	Reached transitively from a verified BorceaVariance declaration.
Sendov.Multiset.prod_le_mean_pow	Sendov/Analytic/Maclaurin.lean	107	true	propext; Classical.choice; Quot.sound	∀ (s : Multiset ℝ), (∀ x ∈ s, 0 ≤ x) → s.prod ≤ (s.sum / ↑s.card) ^ s.card	Reached transitively from a verified BorceaVariance declaration.
Sendov.esymm_card_cons	Sendov/Analytic/Maclaurin.lean	148	true	propext; Classical.choice; Quot.sound	∀ (a : ℝ) (t : Multiset ℝ), t ≠ 0 → (a ::ₘ t).esymm t.card = t.prod + a * t.esymm (t.card - 1)	Reached transitively from a verified BorceaVariance declaration.
Sendov.Multiset.esymm_card_pred_le	Sendov/Analytic/Maclaurin.lean	166	true	propext; Classical.choice; Quot.sound	∀ (s : Multiset ℝ), (∀ x ∈ s, 0 ≤ x) → s ≠ 0 → s.esymm (s.card - 1) ≤ ↑s.card * (s.sum / ↑s.card) ^ (s.card - 1)	Reached transitively from a verified BorceaVariance declaration.
QuadraticTangZhang.beta_decomposition	QuadraticTangZhang/Scalar.lean	19	false	propext; Classical.choice; Quot.sound	∀ (a x t : ℝ), QuadraticTangZhang.beta a x t = 1 - x ^ 2 + (x - a * t) ^ 2	Not reached from verified project declarations; retained in the selected upstream module/import closure. No use as an exclusion assumption.
QuadraticTangZhang.betaS_le_beta	QuadraticTangZhang/Scalar.lean	24	false	propext; Classical.choice; Quot.sound	∀ (a x s t : ℝ), s ≤ 1 → QuadraticTangZhang.betaS a x s t ≤ QuadraticTangZhang.beta a x t	Not reached from verified project declarations; retained in the selected upstream module/import closure. No use as an exclusion assumption.
QuadraticTangZhang.beta_one_pos	QuadraticTangZhang/Scalar.lean	29	false	propext; Classical.choice; Quot.sound	∀ {a x : ℝ}, 0 < a → a < 1 → -1 ≤ x → x ≤ 1 → 0 < QuadraticTangZhang.beta a x 1	Not reached from verified project declarations; retained in the selected upstream module/import closure. No use as an exclusion assumption.
QuadraticTangZhang.x_gt_half_of_beta_lt_one	QuadraticTangZhang/Scalar.lean	36	false	propext; Classical.choice; Quot.sound	∀ {a x : ℝ}, 0 < a → QuadraticTangZhang.beta a x 1 < 1 → a / 2 < x	Not reached from verified project declarations; retained in the selected upstream module/import closure. No use as an exclusion assumption.
QuadraticTangZhang.rho_identity	QuadraticTangZhang/Scalar.lean	41	false	propext; Classical.choice; Quot.sound	∀ (a x s : ℝ), QuadraticTangZhang.rho a x s = 1 - QuadraticTangZhang.beta a x 1 - (1 - a ^ 2) * (1 - s)	Not reached from verified project declarations; retained in the selected upstream module/import closure. No use as an exclusion assumption.
QuadraticTangZhang.rho_le_gap	QuadraticTangZhang/Scalar.lean	46	false	propext; Classical.choice; Quot.sound	∀ {a x s : ℝ}, a ^ 2 ≤ 1 → s ≤ 1 → QuadraticTangZhang.rho a x s ≤ 1 - QuadraticTangZhang.beta a x 1	Not reached from verified project declarations; retained in the selected upstream module/import closure. No use as an exclusion assumption.
QuadraticTangZhang.rho_le_sq	QuadraticTangZhang/Scalar.lean	51	false	propext; Classical.choice; Quot.sound	∀ {a x s : ℝ}, a ^ 2 ≤ 1 → s ≤ 1 → QuadraticTangZhang.rho a x s ≤ x ^ 2	Not reached from verified project declarations; retained in the selected upstream module/import closure. No use as an exclusion assumption.
QuadraticTangZhang.betaS_endpoint	QuadraticTangZhang/Scalar.lean	56	false	propext; Classical.choice; Quot.sound	∀ (a x s : ℝ), QuadraticTangZhang.betaS a x s 1 = s - QuadraticTangZhang.rho a x s	Not reached from verified project declarations; retained in the selected upstream module/import closure. No use as an exclusion assumption.
QuadraticTangZhang.betaS_endpoint_le	QuadraticTangZhang/Scalar.lean	60	false	propext; Classical.choice; Quot.sound	∀ {a x s : ℝ}, s ≤ 1 → QuadraticTangZhang.betaS a x s 1 ≤ 1 - QuadraticTangZhang.rho a x s	Not reached from verified project declarations; retained in the selected upstream module/import closure. No use as an exclusion assumption.
QuadraticTangZhang.polar_chord_gap	QuadraticTangZhang/Scalar.lean	65	false	propext; Classical.choice; Quot.sound	∀ (a x s t : ℝ), a ^ 2 + (1 - a ^ 2) * (1 + QuadraticTangZhang.rho a x s) * t - QuadraticTangZhang.polarQuadratic a x s t = (1 - a ^ 2) ^ 2 * s * t * (1 - t)	Not reached from verified project declarations; retained in the selected upstream module/import closure. No use as an exclusion assumption.
QuadraticTangZhang.polar_le_chord	QuadraticTangZhang/Scalar.lean	71	false	propext; Classical.choice; Quot.sound	∀ {a x s t : ℝ}, 0 ≤ s → 0 ≤ t → t ≤ 1 → QuadraticTangZhang.polarQuadratic a x s t ≤ a ^ 2 + (1 - a ^ 2) * (1 + QuadraticTangZhang.rho a x s) * t	Not reached from verified project declarations; retained in the selected upstream module/import closure. No use as an exclusion assumption.
QuadraticTangZhang.cubic_le_a	QuadraticTangZhang/Scalar.lean	78	false	propext; Classical.choice; Quot.sound	∀ {a C r : ℝ}, 0 ≤ C → 2 * C ≤ a → 0 ≤ r → r ≤ 1 → a * r + C * r * (1 - r ^ 2) ≤ a	Not reached from verified project declarations; retained in the selected upstream module/import closure. No use as an exclusion assumption.
QuadraticTangZhang.cubic_discriminant_identity	QuadraticTangZhang/Scalar.lean	86	false	propext; Classical.choice; Quot.sound	∀ (b C r : ℝ), 4 * b ^ 3 - 27 * C * (b * r - C * r ^ 3) ^ 2 = (b - 3 * C * r ^ 2) ^ 2 * (4 * b - 3 * C * r ^ 2)	Not reached from verified project declarations; retained in the selected upstream module/import closure. No use as an exclusion assumption.
QuadraticTangZhang.cubic_discriminant_nonneg	QuadraticTangZhang/Scalar.lean	90	false	propext; Classical.choice; Quot.sound	∀ {a C r : ℝ}, 0 ≤ a → 0 ≤ C → 0 ≤ r → r ≤ 1 → 27 * C * (a * r + C * r * (1 - r ^ 2)) ^ 2 ≤ 4 * (a + C) ^ 3	Not reached from verified project declarations; retained in the selected upstream module/import closure. No use as an exclusion assumption.
QuadraticTangZhang.exclude_center_cubic	QuadraticTangZhang/Scalar.lean	101	false	propext; Classical.choice; Quot.sound	∀ {a C E r : ℝ}, 0 ≤ a → 0 < C → 0 ≤ r → r ≤ 1 → E < 1 → 4 * (a + C) ^ 3 < 27 * C * (1 - E) ^ 2 → 1 ≤ a * r + C * r * (1 - r ^ 2) + E → False	Not reached from verified project declarations; retained in the selected upstream module/import closure. No use as an exclusion assumption.
QuadraticTangZhang.exclude_center_monotone	QuadraticTangZhang/Scalar.lean	113	false	propext; Classical.choice; Quot.sound	∀ {a C E r : ℝ}, 0 ≤ C → 2 * C ≤ a → 0 ≤ r → r ≤ 1 → a + E < 1 → 1 ≤ a * r + C * r * (1 - r ^ 2) + E → False	Not reached from verified project declarations; retained in the selected upstream module/import closure. No use as an exclusion assumption.
QuadraticTangZhang.boundary_margin	QuadraticTangZhang/Scalar.lean	119	false	propext; Classical.choice; Quot.sound	∀ {a : ℝ}, 0 ≤ a → a < 1 → a + (1 - a ^ 2) / 4 < 1	Not reached from verified project declarations; retained in the selected upstream module/import closure. No use as an exclusion assumption.
QuadraticTangZhang.exclude_center_boundary	QuadraticTangZhang/Scalar.lean	123	false	propext; Classical.choice; Quot.sound	∀ {a C E r : ℝ}, 0 ≤ a → a < 1 → 0 ≤ C → 2 * C ≤ a → 0 ≤ r → r ≤ 1 → E < (1 - a ^ 2) / 4 → 1 ≤ a * r + C * r * (1 - r ^ 2) + E → False	Not reached from verified project declarations; retained in the selected upstream module/import closure. No use as an exclusion assumption.
QuadraticTangZhang.exclude_direct	QuadraticTangZhang/Scalar.lean	131	false	propext; Classical.choice; Quot.sound	∀ {F R a m : ℝ}, F + R + m * a / (m + 1) < 1 → 1 ≤ F + m * a / (m + 1) + R → False	Not reached from verified project declarations; retained in the selected upstream module/import closure. No use as an exclusion assumption.
QuadraticTangZhang.small_degree_factor_pos	QuadraticTangZhang/Scalar.lean	136	false	propext; Classical.choice; Quot.sound	∀ {a : ℝ}, 0 < a → a < 1 → 0 < a ^ 4 - 3 * a ^ 3 + 3 * a + 4	Not reached from verified project declarations; retained in the selected upstream module/import closure. No use as an exclusion assumption.
QuadraticTangZhang.small_degree_deficit_pos	QuadraticTangZhang/Scalar.lean	142	false	propext; Classical.choice; Quot.sound	∀ {a : ℝ}, 0 < a → a < 1 → 0 < (1 - a) ^ 3 * (1 + a) / 5 * (a ^ 4 - 3 * a ^ 3 + 3 * a + 4)	Not reached from verified project declarations; retained in the selected upstream module/import closure. No use as an exclusion assumption.
QuadraticTangZhang.boxEnvelope_nonneg	QuadraticTangZhang/ConvexQuadrature.lean	11	false	propext; Classical.choice; Quot.sound	∀ {A h t : ℝ}, A ^ 2 ≤ 1 → h ≤ 1 → t ∈ Set.Icc 0 1 → 0 ≤ QuadraticTangZhang.boxEnvelope A h t	Not reached from verified project declarations; retained in the selected upstream module/import closure. No use as an exclusion assumption.
QuadraticTangZhang.boxEnvelope_le_one	QuadraticTangZhang/ConvexQuadrature.lean	18	false	propext; Classical.choice; Quot.sound	∀ {A h t : ℝ}, 0 ≤ h → t ∈ Set.Icc 0 1 → QuadraticTangZhang.boxEnvelope A h t ≤ 1	Not reached from verified project declarations; retained in the selected upstream module/import closure. No use as an exclusion assumption.
QuadraticTangZhang.boxEnvelope_convex	QuadraticTangZhang/ConvexQuadrature.lean	25	false	propext; Classical.choice; Quot.sound	∀ (A h : ℝ), ConvexOn ℝ (Set.Icc 0 1) (QuadraticTangZhang.boxEnvelope A h)	Not reached from verified project declarations; retained in the selected upstream module/import closure. No use as an exclusion assumption.
QuadraticTangZhang.boxEnvelope_rpow_convex	QuadraticTangZhang/ConvexQuadrature.lean	38	false	propext; Classical.choice; Quot.sound	∀ {A h r : ℝ}, A ^ 2 ≤ 1 → h ≤ 1 → 1 ≤ r → ConvexOn ℝ (Set.Icc 0 1) fun t => QuadraticTangZhang.boxEnvelope A h t ^ r	Not reached from verified project declarations; retained in the selected upstream module/import closure. No use as an exclusion assumption.
QuadraticTangZhang.weighted_sq_div	QuadraticTangZhang/ConvexQuadrature.lean	49	false	propext; Classical.choice; Quot.sound	∀ {u v x y d e : ℝ}, 0 ≤ u → 0 ≤ v → 0 < d → 0 < e → 0 < u * d + v * e → (u * x + v * y) ^ 2 / (u * d + v * e) ≤ u * x ^ 2 / d + v * y ^ 2 / e	Not reached from verified project declarations; retained in the selected upstream module/import closure. No use as an exclusion assumption.
QuadraticTangZhang.convexOn_sq_div_affine	QuadraticTangZhang/ConvexQuadrature.lean	59	false	propext; Classical.choice; Quot.sound	∀ {f : ℝ → ℝ}, ConvexOn ℝ (Set.Icc 0 1) f → (∀ t ∈ Set.Icc 0 1, 0 ≤ f t) → ∀ {d : ℝ}, d < 1 → ConvexOn ℝ (Set.Icc 0 1) fun t => f t ^ 2 / (1 - d * t)	Not reached from verified project declarations; retained in the selected upstream module/import closure. No use as an exclusion assumption.
QuadraticTangZhang.boxEnvelope_rpow_div_convex	QuadraticTangZhang/ConvexQuadrature.lean	80	false	propext; Classical.choice; Quot.sound	∀ {A h r d : ℝ}, A ^ 2 ≤ 1 → h ≤ 1 → 2 ≤ r → d < 1 → ConvexOn ℝ (Set.Icc 0 1) fun t => QuadraticTangZhang.boxEnvelope A h t ^ r / (1 - d * t)	Not reached from verified project declarations; retained in the selected upstream module/import closure. No use as an exclusion assumption.
QuadraticTangZhang.convex_chord_bound	QuadraticTangZhang/ConvexQuadrature.lean	94	true	propext; Classical.choice; Quot.sound	∀ {f : ℝ → ℝ} {l z t : ℝ}, 0 < z → ConvexOn ℝ (Set.Icc l (l + z)) f → t ∈ Set.Icc l (l + z) → f t ≤ (l + z - t) / z * f l + (t - l) / z * f (l + z)	Reached transitively from a verified BorceaVariance declaration.
QuadraticTangZhang.weighted_chord_integral	QuadraticTangZhang/ConvexQuadrature.lean	106	true	propext; Classical.choice; Quot.sound	∀ (k : ℕ) (l z u v : ℝ), ∫ (t : ℝ) in l..l + z, t ^ k * ((l + z - t) / z * u + (t - l) / z * v) = ((l + z) * u - l * v) / z * (((l + z) ^ (k + 1) - l ^ (k + 1)) / (↑k + 1)) + (v - u) / z * (((l + z) ^ (k + 2) - l ^ (k + 2)) / (↑k + 2))	Reached transitively from a verified BorceaVariance declaration.
QuadraticTangZhang.weighted_convex_integral_le_chord	QuadraticTangZhang/ConvexQuadrature.lean	121	true	propext; Classical.choice; Quot.sound	∀ (k : ℕ) {f : ℝ → ℝ} {l z : ℝ}, 0 ≤ l → 0 < z → ConvexOn ℝ (Set.Icc l (l + z)) f → ContinuousOn f (Set.Icc l (l + z)) → ∫ (t : ℝ) in l..l + z, t ^ k * f t ≤ ∫ (t : ℝ) in l..l + z, t ^ k * ((l + z - t) / z * f l + (t - l) / z * f (l + z))	Reached transitively from a verified BorceaVariance declaration.
QuadraticTangZhang.convex_quadrature_weight_one	QuadraticTangZhang/ConvexQuadrature.lean	133	true	propext; Classical.choice; Quot.sound	∀ {f : ℝ → ℝ} {l z : ℝ}, 0 ≤ l → 0 < z → ConvexOn ℝ (Set.Icc l (l + z)) f → ContinuousOn f (Set.Icc l (l + z)) → ∫ (t : ℝ) in l..l + z, t * f t ≤ z * (l / 2 + z / 6) * f l + z * (l / 2 + z / 3) * f (l + z)	Reached transitively from a verified BorceaVariance declaration.
QuadraticTangZhang.convex_quadrature_weight_two	QuadraticTangZhang/ConvexQuadrature.lean	142	true	propext; Classical.choice; Quot.sound	∀ {f : ℝ → ℝ} {l z : ℝ}, 0 ≤ l → 0 < z → ConvexOn ℝ (Set.Icc l (l + z)) f → ContinuousOn f (Set.Icc l (l + z)) → ∫ (t : ℝ) in l..l + z, t ^ 2 * f t ≤ z * (l ^ 2 / 2 + l * z / 3 + z ^ 2 / 12) * f l + z * (l ^ 2 / 2 + 2 * l * z / 3 + z ^ 2 / 4) * f (l + z)	Reached transitively from a verified BorceaVariance declaration.
QuadraticTangZhang.degree_term_mono	QuadraticTangZhang/RectangleExclusion.lean	19	false	propext; Classical.choice; Quot.sound	∀ {m M : ℕ}, m ≤ M → ∀ {a A : ℝ}, 0 ≤ a → a ≤ A → ↑m * a / (↑m + 1) ≤ ↑M * A / (↑M + 1)	Not reached from verified project declarations; retained in the selected upstream module/import closure. No use as an exclusion assumption.
QuadraticTangZhang.abstract_rectangle_exclusion	QuadraticTangZhang/RectangleExclusion.lean	32	false	propext; Classical.choice; Quot.sound	∀ {a r C E F R T aL aU CU EU FU RU TU tailU : ℝ}, 0 ≤ a → a < 1 → 0 ≤ r → r ≤ 1 → 0 ≤ C → aL ≤ a → a ≤ aU → C ≤ CU → E ≤ EU → F ≤ FU → R ≤ RU → T ≤ TU → E ≤ (1 - a ^ 2) * tailU → 1 ≤ a * r + C * r * (1 - r ^ 2) + E → 1 ≤ F + T + R → QuadraticTangZhang.RectangleTests aL aU CU EU FU RU TU tailU → False	Not reached from verified project declarations; retained in the selected upstream module/import closure. No use as an exclusion assumption.
QuadraticTangZhang.abstract_rectangle_exclusion_basic	QuadraticTangZhang/RectangleExclusion.lean	57	false	propext; Classical.choice; Quot.sound	∀ {a r C E F R T aU CU EU FU RU TU : ℝ}, 0 ≤ a → 0 ≤ r → r ≤ 1 → 0 ≤ C → a ≤ aU → C ≤ CU → E ≤ EU → F ≤ FU → R ≤ RU → T ≤ TU → 1 ≤ a * r + C * r * (1 - r ^ 2) + E → 1 ≤ F + T + R → FU + RU + TU < 1 ∨ 2 * CU ≤ aU ∧ aU + EU < 1 ∨ 0 < CU ∧ EU < 1 ∧ 4 * (aU + CU) ^ 3 < 27 * CU * (1 - EU) ^ 2 → False	Not reached from verified project declarations; retained in the selected upstream module/import closure. No use as an exclusion assumption.
QuadraticTangZhang.sum_eq_card_mul_mean	QuadraticTangZhang/DirectScalar.lean	19	true	propext; Classical.choice; Quot.sound	∀ {m : ℕ}, 0 < m → ∀ (q : Fin m → ℂ), ∑ j, q j = ↑m * QuadraticTangZhang.meanComplex q	Reached transitively from a verified BorceaVariance declaration.
QuadraticTangZhang.differential_origin_identity	QuadraticTangZhang/DirectScalar.lean	25	true	propext; Classical.choice; Quot.sound	∀ {m : ℕ}, 0 < m → ∀ (q : Fin m → ℂ) (a : ℝ), 1 = (QuadraticTangZhang.originProduct q a 1 + ↑m * ↑a * QuadraticTangZhang.meanComplex q * ∫ (t : ℝ) in 0..1, QuadraticTangZhang.originProduct q a t) + QuadraticTangZhang.originRemainder q a	Reached transitively from a verified BorceaVariance declaration.
QuadraticTangZhang.originProduct_norm_le_beta	QuadraticTangZhang/DirectScalar.lean	58	false	propext; Classical.choice; Quot.sound	∀ {m : ℕ}, 0 < m → ∀ (q : Fin m → ℂ), QuadraticTangZhang.secondMoment q ≤ 1 → ∀ {a t : ℝ}, 0 ≤ a → a < 1 → 0 ≤ t → t ≤ 1 → ‖QuadraticTangZhang.originProduct q a t‖ ≤ QuadraticTangZhang.beta a (QuadraticTangZhang.meanRe q) t ^ (↑m / 2)	Not reached from verified project declarations; retained in the selected upstream module/import closure. No use as an exclusion assumption.
QuadraticTangZhang.originErrorSum_norm_bound	QuadraticTangZhang/DirectScalar.lean	71	false	propext; Classical.choice; Quot.sound	∀ {m : ℕ}, 2 ≤ m → ∀ (q : Fin m → ℂ), QuadraticTangZhang.secondMoment q ≤ 1 → ∀ {a t : ℝ}, 0 ≤ a → a < 1 → 0 ≤ t → t ≤ 1 → ‖QuadraticTangZhang.originErrorSum q a t‖ ≤ 5 / 3 * ↑m * QuadraticTangZhang.beta a (QuadraticTangZhang.meanRe q) t ^ (↑(m - 1) / 2)	Not reached from verified project declarations; retained in the selected upstream module/import closure. No use as an exclusion assumption.
QuadraticTangZhang.originRemainder_norm_bound	QuadraticTangZhang/DirectScalar.lean	104	false	propext; Classical.choice; Quot.sound	∀ {m : ℕ}, 2 ≤ m → ∀ (q : Fin m → ℂ), QuadraticTangZhang.secondMoment q ≤ 1 → ∀ {a : ℝ}, 0 ≤ a → a < 1 → ‖QuadraticTangZhang.originRemainder q a‖ ≤ 5 / 3 * a ^ 2 * ↑m * QuadraticTangZhang.directIntegral m a (QuadraticTangZhang.meanRe q)	Not reached from verified project declarations; retained in the selected upstream module/import closure. No use as an exclusion assumption.
QuadraticTangZhang.direct_scalar_inequality	QuadraticTangZhang/DirectScalar.lean	127	false	propext; Classical.choice; Quot.sound	∀ {m : ℕ}, 2 ≤ m → ∀ (q : Fin m → ℂ), QuadraticTangZhang.secondMoment q ≤ 1 → ∀ {a : ℝ}, 0 ≤ a → a < 1 → ‖↑(m + 1) * ∫ (t : ℝ) in 0..1, QuadraticTangZhang.originProduct q a t‖ ≤ 1 → 1 ≤ QuadraticTangZhang.beta a (QuadraticTangZhang.meanRe q) 1 ^ (↑m / 2) + ↑m * a / (↑m + 1) + 5 / 3 * a ^ 2 * ↑m * QuadraticTangZhang.directIntegral m a (QuadraticTangZhang.meanRe q)	Not reached from verified project declarations; retained in the selected upstream module/import closure. No use as an exclusion assumption.
QuadraticTangZhang.origin_gap_pos	QuadraticTangZhang/CenteredScalar.lean	22	false	propext; Classical.choice; Quot.sound	∀ {a x t : ℝ}, 0 ≤ a → a < 1 → x ≤ 1 → 0 ≤ t → t ≤ 1 → 0 < 1 - a * x * t	Not reached from verified project declarations; retained in the selected upstream module/import closure. No use as an exclusion assumption.
QuadraticTangZhang.beta_pos_on_unit	QuadraticTangZhang/CenteredScalar.lean	28	false	propext; Classical.choice; Quot.sound	∀ {a x t : ℝ}, 0 ≤ a → a < 1 → x ≤ 1 → 0 ≤ t → t ≤ 1 → 0 < QuadraticTangZhang.beta a x t	Not reached from verified project declarations; retained in the selected upstream module/import closure. No use as an exclusion assumption.
QuadraticTangZhang.centerFactor_norm_lower	QuadraticTangZhang/CenteredScalar.lean	36	false	propext; Classical.choice; Quot.sound	∀ {m : ℕ} (q : Fin m → ℂ) (a t : ℝ), 1 - a * QuadraticTangZhang.meanRe q * t ≤ ‖QuadraticTangZhang.centerFactor q a t‖	Not reached from verified project declarations; retained in the selected upstream module/import closure. No use as an exclusion assumption.
QuadraticTangZhang.centerIntegral_integrable	QuadraticTangZhang/CenteredScalar.lean	42	false	propext; Classical.choice; Quot.sound	∀ {a x : ℝ}, 0 ≤ a → a < 1 → x ≤ 1 → ∀ (m : ℕ), IntervalIntegrable (fun t => t ^ 2 * QuadraticTangZhang.beta a x t ^ (↑(m - 1) / 2) / (1 - a * x * t)) MeasureTheory.volume 0 1	Not reached from verified project declarations; retained in the selected upstream module/import closure. No use as an exclusion assumption.
QuadraticTangZhang.centerIntegral_nonneg	QuadraticTangZhang/CenteredScalar.lean	53	false	propext; Classical.choice; Quot.sound	∀ {a x : ℝ}, 0 ≤ a → a < 1 → x ≤ 1 → ∀ (m : ℕ), 0 ≤ QuadraticTangZhang.centerIntegral m a x	Not reached from verified project declarations; retained in the selected upstream module/import closure. No use as an exclusion assumption.
QuadraticTangZhang.centerCoefficient_nonneg	QuadraticTangZhang/CenteredScalar.lean	61	false	propext; Classical.choice; Quot.sound	∀ {a x : ℝ}, 0 ≤ a → a < 1 → x ≤ 1 → ∀ (m : ℕ), 0 ≤ QuadraticTangZhang.centerCoefficient m a x	Not reached from verified project declarations; retained in the selected upstream module/import closure. No use as an exclusion assumption.
QuadraticTangZhang.centerFactor_integral	QuadraticTangZhang/CenteredScalar.lean	67	true	propext; Classical.choice; Quot.sound	∀ (m : ℕ) (b : ℂ), b * ↑(m + 1) * ∫ (t : ℝ) in 0..1, (1 - b * ↑t) ^ m = 1 - (1 - b) ^ (m + 1)	Reached transitively from a verified BorceaVariance declaration.
QuadraticTangZhang.centered_integral_remainder	QuadraticTangZhang/CenteredScalar.lean	83	false	propext; Classical.choice; Quot.sound	∀ {m : ℕ}, 2 ≤ m → ∀ (q : Fin m → ℂ), QuadraticTangZhang.secondMoment q ≤ 1 → ∀ {a : ℝ}, 0 ≤ a → a < 1 → ‖(∫ (t : ℝ) in 0..1, QuadraticTangZhang.originProduct q a t) - ∫ (t : ℝ) in 0..1, QuadraticTangZhang.centerFactor q a t ^ m‖ ≤ 5 * ↑m * a ^ 2 * (QuadraticTangZhang.secondMoment q - ‖QuadraticTangZhang.meanComplex q‖ ^ 2) / 6 * QuadraticTangZhang.centerIntegral m a (QuadraticTangZhang.meanRe q)	Not reached from verified project declarations; retained in the selected upstream module/import closure. No use as an exclusion assumption.
QuadraticTangZhang.norm_centerFactor_sq_le_beta	QuadraticTangZhang/CenteredScalar.lean	125	false	propext; Classical.choice; Quot.sound	∀ {m : ℕ}, 0 < m → ∀ (q : Fin m → ℂ), QuadraticTangZhang.secondMoment q ≤ 1 → ∀ (a t : ℝ), ‖QuadraticTangZhang.centerFactor q a t‖ ^ 2 ≤ QuadraticTangZhang.beta a (QuadraticTangZhang.meanRe q) t	Not reached from verified project declarations; retained in the selected upstream module/import closure. No use as an exclusion assumption.
QuadraticTangZhang.norm_pow_le_rpow_of_sq_le	QuadraticTangZhang/CenteredScalar.lean	142	false	propext; Classical.choice; Quot.sound	∀ (z : ℂ) {B : ℝ}, ‖z‖ ^ 2 ≤ B → ∀ (k : ℕ), ‖z ^ k‖ ≤ B ^ (↑k / 2)	Not reached from verified project declarations; retained in the selected upstream module/import closure. No use as an exclusion assumption.
QuadraticTangZhang.centered_scalar_inequality	QuadraticTangZhang/CenteredScalar.lean	153	false	propext; Classical.choice; Quot.sound	∀ {m : ℕ}, 2 ≤ m → ∀ (q : Fin m → ℂ), QuadraticTangZhang.secondMoment q ≤ 1 → ∀ {a : ℝ}, 0 ≤ a → a < 1 → ‖↑(m + 1) * ∫ (t : ℝ) in 0..1, QuadraticTangZhang.originProduct q a t‖ ≤ 1 → 1 ≤ a * ‖QuadraticTangZhang.meanComplex q‖ + QuadraticTangZhang.centerCoefficient m a (QuadraticTangZhang.meanRe q) * ‖QuadraticTangZhang.meanComplex q‖ * (1 - ‖QuadraticTangZhang.meanComplex q‖ ^ 2) + QuadraticTangZhang.beta a (QuadraticTangZhang.meanRe q) 1 ^ (↑(m + 1) / 2)	Not reached from verified project declarations; retained in the selected upstream module/import closure. No use as an exclusion assumption.
QuadraticTangZhang.segment_quadrature_one	QuadraticTangZhang/FiniteQuadrature.lean	25	true	propext; Classical.choice; Quot.sound	∀ {f : ℝ → ℝ} {l r u v : ℚ}, 0 ≤ l → l ≤ r → r ≤ 1 → ConvexOn ℝ (Set.Icc 0 1) f → ContinuousOn f (Set.Icc 0 1) → f ↑l ≤ ↑u → f ↑r ≤ ↑v → ∫ (t : ℝ) in ↑l..↑r, t * f t ≤ ↑(QuadraticTangZhang.chordOne l r u v)	Reached transitively from a verified BorceaVariance declaration.
QuadraticTangZhang.segment_quadrature_two	QuadraticTangZhang/FiniteQuadrature.lean	51	true	propext; Classical.choice; Quot.sound	∀ {f : ℝ → ℝ} {l r u v : ℚ}, 0 ≤ l → l ≤ r → r ≤ 1 → ConvexOn ℝ (Set.Icc 0 1) f → ContinuousOn f (Set.Icc 0 1) → f ↑l ≤ ↑u → f ↑r ≤ ↑v → ∫ (t : ℝ) in ↑l..↑r, t ^ 2 * f t ≤ ↑(QuadraticTangZhang.chordTwo l r u v)	Reached transitively from a verified BorceaVariance declaration.
QuadraticTangZhang.finite_quadrature_one_sound	QuadraticTangZhang/FiniteQuadrature.lean	77	false	propext; Classical.choice; Quot.sound	∀ {f : ℝ → ℝ} {N : ℕ} {p v : ℕ → ℚ}, p 0 = 0 → p N = 1 → (∀ i ≤ N, 0 ≤ p i ∧ p i ≤ 1) → (∀ i < N, p i ≤ p (i + 1)) → ConvexOn ℝ (Set.Icc 0 1) f → ContinuousOn f (Set.Icc 0 1) → (∀ i ≤ N, f ↑(p i) ≤ ↑(v i)) → ∫ (t : ℝ) in 0..1, t * f t ≤ ↑(QuadraticTangZhang.quadOne N p v)	Not reached from verified project declarations; retained in the selected upstream module/import closure. No use as an exclusion assumption.
QuadraticTangZhang.finite_quadrature_two_sound	QuadraticTangZhang/FiniteQuadrature.lean	102	false	propext; Classical.choice; Quot.sound	∀ {f : ℝ → ℝ} {N : ℕ} {p v : ℕ → ℚ}, p 0 = 0 → p N = 1 → (∀ i ≤ N, 0 ≤ p i ∧ p i ≤ 1) → (∀ i < N, p i ≤ p (i + 1)) → ConvexOn ℝ (Set.Icc 0 1) f → ContinuousOn f (Set.Icc 0 1) → (∀ i ≤ N, f ↑(p i) ≤ ↑(v i)) → ∫ (t : ℝ) in 0..1, t ^ 2 * f t ≤ ↑(QuadraticTangZhang.quadTwo N p v)	Not reached from verified project declarations; retained in the selected upstream module/import closure. No use as an exclusion assumption.
QuadraticTangZhang.roundDown_nonneg	QuadraticTangZhang/DyadicSoundness.lean	17	true	propext; Classical.choice; Quot.sound	∀ (S : ℕ) (x : ℚ), 0 ≤ QuadraticTangZhang.roundDown S x	Reached transitively from a verified BorceaVariance declaration.
QuadraticTangZhang.roundUp_nonneg	QuadraticTangZhang/DyadicSoundness.lean	18	true	propext; Classical.choice; Quot.sound	∀ (S : ℕ) (x : ℚ), 0 ≤ QuadraticTangZhang.roundUp S x	Reached transitively from a verified BorceaVariance declaration.
QuadraticTangZhang.roundDown_le	QuadraticTangZhang/DyadicSoundness.lean	20	true	propext; Classical.choice; Quot.sound	∀ {S : ℕ}, 0 < S → ∀ {x : ℚ}, 0 ≤ x → QuadraticTangZhang.roundDown S x ≤ x	Reached transitively from a verified BorceaVariance declaration.
QuadraticTangZhang.le_roundUp	QuadraticTangZhang/DyadicSoundness.lean	25	true	propext; Classical.choice; Quot.sound	∀ {S : ℕ}, 0 < S → ∀ (x : ℚ), x ≤ QuadraticTangZhang.roundUp S x	Reached transitively from a verified BorceaVariance declaration.
QuadraticTangZhang.roundDown_cast_le	QuadraticTangZhang/DyadicSoundness.lean	30	true	propext; Classical.choice; Quot.sound	∀ {S : ℕ}, 0 < S → ∀ {x : ℚ}, 0 ≤ x → ↑(QuadraticTangZhang.roundDown S x) ≤ ↑x	Reached transitively from a verified BorceaVariance declaration.
QuadraticTangZhang.cast_le_roundUp	QuadraticTangZhang/DyadicSoundness.lean	33	true	propext; Classical.choice; Quot.sound	∀ {S : ℕ}, 0 < S → ∀ (x : ℚ), ↑x ≤ ↑(QuadraticTangZhang.roundUp S x)	Reached transitively from a verified BorceaVariance declaration.
QuadraticTangZhang.roundedPowLower_sound	QuadraticTangZhang/DyadicSoundness.lean	52	true	propext; Classical.choice; Quot.sound	∀ {S : ℕ}, 0 < S → ∀ {x : ℚ}, 0 ≤ x → ∀ (n : ℕ), 0 ≤ QuadraticTangZhang.roundedPowLower S x n ∧ QuadraticTangZhang.roundedPowLower S x n ≤ x ^ n	Reached transitively from a verified BorceaVariance declaration.
QuadraticTangZhang.roundedPowUpper_sound	QuadraticTangZhang/DyadicSoundness.lean	81	true	propext; Classical.choice; Quot.sound	∀ {S : ℕ}, 0 < S → ∀ {x : ℚ}, 0 ≤ x → ∀ (n : ℕ), 0 ≤ QuadraticTangZhang.roundedPowUpper S x n ∧ x ^ n ≤ QuadraticTangZhang.roundedPowUpper S x n	Reached transitively from a verified BorceaVariance declaration.
QuadraticTangZhang.roundedSqrtLower_nonneg	QuadraticTangZhang/DyadicSoundness.lean	112	true	propext; Classical.choice; Quot.sound	∀ (S : ℕ) (x : ℚ), 0 ≤ QuadraticTangZhang.roundedSqrtLower S x	Reached transitively from a verified BorceaVariance declaration.
QuadraticTangZhang.roundedSqrtUpper_nonneg	QuadraticTangZhang/DyadicSoundness.lean	116	true	propext; Classical.choice; Quot.sound	∀ (S : ℕ) (x : ℚ), 0 ≤ QuadraticTangZhang.roundedSqrtUpper S x	Reached transitively from a verified BorceaVariance declaration.
QuadraticTangZhang.roundedSqrtLower_sq	QuadraticTangZhang/DyadicSoundness.lean	120	true	propext; Classical.choice; Quot.sound	∀ {S : ℕ}, 0 < S → ∀ {x : ℚ}, 0 ≤ x → QuadraticTangZhang.roundedSqrtLower S x ^ 2 ≤ x	Reached transitively from a verified BorceaVariance declaration.
QuadraticTangZhang.le_roundedSqrtUpper_sq	QuadraticTangZhang/DyadicSoundness.lean	130	true	propext; Classical.choice; Quot.sound	∀ {S : ℕ}, 0 < S → ∀ (x : ℚ), x ≤ QuadraticTangZhang.roundedSqrtUpper S x ^ 2	Reached transitively from a verified BorceaVariance declaration.
QuadraticTangZhang.roundedSqrt_sound	QuadraticTangZhang/DyadicSoundness.lean	140	true	propext; Classical.choice; Quot.sound	∀ {S : ℕ}, 0 < S → ∀ {x : ℚ}, 0 ≤ x → ↑(QuadraticTangZhang.roundedSqrtLower S x) ≤ √↑x ∧ √↑x ≤ ↑(QuadraticTangZhang.roundedSqrtUpper S x)	Reached transitively from a verified BorceaVariance declaration.
QuadraticTangZhang.rpow_half_nat_even	QuadraticTangZhang/DyadicSoundness.lean	158	true	propext; Classical.choice; Quot.sound	∀ (x : ℝ) {n : ℕ}, n % 2 = 0 → x ^ (↑n / 2) = x ^ (n / 2)	Reached transitively from a verified BorceaVariance declaration.
QuadraticTangZhang.rpow_half_nat_odd	QuadraticTangZhang/DyadicSoundness.lean	166	true	propext; Classical.choice; Quot.sound	∀ {x : ℝ}, 0 ≤ x → ∀ {n : ℕ}, n % 2 ≠ 0 → x ^ (↑n / 2) = x ^ (n / 2) * √x	Reached transitively from a verified BorceaVariance declaration.
QuadraticTangZhang.halfPower_sound	QuadraticTangZhang/DyadicSoundness.lean	176	true	propext; Classical.choice; Quot.sound	∀ {S : ℕ}, 0 < S → ∀ {x : ℚ}, 0 ≤ x → ∀ (n : ℕ), ↑(QuadraticTangZhang.halfPowerLower S x n) ≤ ↑x ^ (↑n / 2) ∧ ↑x ^ (↑n / 2) ≤ ↑(QuadraticTangZhang.halfPowerUpper S x n)	Reached transitively from a verified BorceaVariance declaration.
QuadraticTangZhang.integral_t_exp_neg_le	QuadraticTangZhang/ExponentialIntegrals.lean	7	true	propext; Classical.choice; Quot.sound	∀ {c b : ℝ}, 0 < c → 0 ≤ b → ∫ (t : ℝ) in 0..b, t * Real.exp (-c * t) ≤ 1 / c ^ 2	Reached transitively from a verified BorceaVariance declaration.
QuadraticTangZhang.integral_sq_exp_neg_le	QuadraticTangZhang/ExponentialIntegrals.lean	24	true	propext; Classical.choice; Quot.sound	∀ {c b : ℝ}, 0 < c → 0 ≤ b → ∫ (t : ℝ) in 0..b, t ^ 2 * Real.exp (-c * t) ≤ 2 / c ^ 3	Reached transitively from a verified BorceaVariance declaration.
QuadraticTangZhang.rpow_le_exp_gap	QuadraticTangZhang/ExponentialIntegrals.lean	42	true	propext; Classical.choice; Quot.sound	∀ {b v r : ℝ}, 0 ≤ b → b ≤ 1 - v → 0 ≤ r → b ^ r ≤ Real.exp (-r * v)	Reached transitively from a verified BorceaVariance declaration.
QuadraticTangZhang.beta_power_split_bound	QuadraticTangZhang/ExponentialIntegrals.lean	51	false	propext; Classical.choice; Quot.sound	∀ {a x t r : ℝ}, 0 ≤ a → a < 1 → x ≤ 1 → t ∈ Set.Icc 0 1 → 0 ≤ r → QuadraticTangZhang.beta a x t ^ r ≤ Real.exp (-r * a * x * t) + QuadraticTangZhang.beta a x 1 ^ r	Not reached from verified project declarations; retained in the selected upstream module/import closure. No use as an exclusion assumption.
QuadraticTangZhang.direct_integral_split_bound	QuadraticTangZhang/ExponentialIntegrals.lean	72	false	propext; Classical.choice; Quot.sound	∀ {m : ℕ}, 2 ≤ m → ∀ {a x : ℝ}, 0 < a → a < 1 → 0 < x → x ≤ 1 → QuadraticTangZhang.directIntegral m a x ≤ 4 / (↑(m - 1) ^ 2 * a ^ 2 * x ^ 2) + QuadraticTangZhang.beta a x 1 ^ (↑(m - 1) / 2)	Not reached from verified project declarations; retained in the selected upstream module/import closure. No use as an exclusion assumption.
QuadraticTangZhang.affine_denominator_pos	QuadraticTangZhang/UniformBounds.lean	20	false	propext; Classical.choice; Quot.sound	∀ {d t : ℝ}, d < 1 → t ∈ Set.Icc 0 1 → 0 < 1 - d * t	Not reached from verified project declarations; retained in the selected upstream module/import closure. No use as an exclusion assumption.
QuadraticTangZhang.envelope_quotient_continuous	QuadraticTangZhang/UniformBounds.lean	27	false	propext; Classical.choice; Quot.sound	∀ {A h R d : ℝ}, 0 ≤ R → d < 1 → ContinuousOn (fun t => QuadraticTangZhang.boxEnvelope A h t ^ R / (1 - d * t)) (Set.Icc 0 1)	Not reached from verified project declarations; retained in the selected upstream module/import closure. No use as an exclusion assumption.
QuadraticTangZhang.uniform_integral_bounds	QuadraticTangZhang/UniformBounds.lean	33	false	propext; Classical.choice; Quot.sound	∀ {m L : ℕ} {a x A Z h : ℝ}, 5 ≤ m → 5 ≤ L → L ≤ m → 0 ≤ a → a < 1 → x ≤ 1 → 0 ≤ A → A ≤ a → a ≤ Z → 0 ≤ h → h ≤ 1 - QuadraticTangZhang.beta a x 1 → (Z ^ 2 + h) / 2 < 1 → QuadraticTangZhang.directIntegral m a x ≤ ∫ (t : ℝ) in 0..1, t * QuadraticTangZhang.boxEnvelope A h t ^ (↑(L - 1) / 2) ∧ QuadraticTangZhang.centerIntegral m a x ≤ ∫ (t : ℝ) in 0..1, t ^ 2 * (QuadraticTangZhang.boxEnvelope A h t ^ (↑(L - 1) / 2) / (1 - (Z ^ 2 + h) / 2 * t))	Not reached from verified project declarations; retained in the selected upstream module/import closure. No use as an exclusion assumption.
QuadraticTangZhang.uniform_coefficient_bounds	QuadraticTangZhang/UniformBounds.lean	62	false	propext; Classical.choice; Quot.sound	∀ {m L M : ℕ} {a x A Z h J₁ J₂ : ℝ}, 5 ≤ m → 5 ≤ L → L ≤ m → m ≤ M → 0 ≤ a → a < 1 → x ≤ 1 → 0 ≤ A → A ≤ a → a ≤ Z → 0 ≤ h → h ≤ 1 - QuadraticTangZhang.beta a x 1 → (Z ^ 2 + h) / 2 < 1 → ∫ (t : ℝ) in 0..1, t * QuadraticTangZhang.boxEnvelope A h t ^ (↑(L - 1) / 2) ≤ J₁ → ∫ (t : ℝ) in 0..1, t ^ 2 * (QuadraticTangZhang.boxEnvelope A h t ^ (↑(L - 1) / 2) / (1 - (Z ^ 2 + h) / 2 * t)) ≤ J₂ → 5 / 3 * a ^ 2 * ↑m * QuadraticTangZhang.directIntegral m a x ≤ 5 / 3 * Z ^ 2 * ↑M * J₁ ∧ QuadraticTangZhang.centerCoefficient m a x ≤ 5 / 6 * Z ^ 3 * (↑M + 1) * ↑M * J₂	Not reached from verified project declarations; retained in the selected upstream module/import closure. No use as an exclusion assumption.
QuadraticTangZhang.uniform_endpoint_bound	QuadraticTangZhang/UniformBounds.lean	91	false	propext; Classical.choice; Quot.sound	∀ {m L : ℕ} {a x A h : ℝ}, L ≤ m → 0 ≤ a → a < 1 → x ≤ 1 → 0 ≤ A → A ≤ a → 0 ≤ h → h ≤ 1 - QuadraticTangZhang.beta a x 1 → QuadraticTangZhang.beta a x 1 ^ (↑m / 2) ≤ (1 - h) ^ (↑L / 2) ∧ QuadraticTangZhang.beta a x 1 ^ (↑(m + 1) / 2) ≤ (1 - h) ^ (↑(L + 1) / 2)	Not reached from verified project declarations; retained in the selected upstream module/import closure. No use as an exclusion assumption.
QuadraticTangZhang.beta_gap_form	QuadraticTangZhang/RectangleBounds.lean	10	false	propext; Classical.choice; Quot.sound	∀ (a x t : ℝ), QuadraticTangZhang.beta a x t = QuadraticTangZhang.boxEnvelope a (1 - QuadraticTangZhang.beta a x 1) t	Not reached from verified project declarations; retained in the selected upstream module/import closure. No use as an exclusion assumption.
QuadraticTangZhang.denominator_gap_form	QuadraticTangZhang/RectangleBounds.lean	14	false	propext; Classical.choice; Quot.sound	∀ (a x t : ℝ), 1 - a * x * t = 1 - (a ^ 2 + (1 - QuadraticTangZhang.beta a x 1)) / 2 * t	Not reached from verified project declarations; retained in the selected upstream module/import closure. No use as an exclusion assumption.
QuadraticTangZhang.rpow_div_mono_pair	QuadraticTangZhang/RectangleBounds.lean	17	false	propext; Classical.choice; Quot.sound	∀ {B b D d r : ℝ}, 0 < b → b ≤ B → 0 < d → 0 < D → 1 ≤ r → b / d ≤ B / D → b ^ r / d ≤ B ^ r / D	Not reached from verified project declarations; retained in the selected upstream module/import closure. No use as an exclusion assumption.
QuadraticTangZhang.beta_quotient_gap_mono	QuadraticTangZhang/RectangleBounds.lean	38	false	propext; Classical.choice; Quot.sound	∀ {a x h t r : ℝ}, 0 ≤ a → a < 1 → x ≤ 1 → h ≤ 1 - QuadraticTangZhang.beta a x 1 → t ∈ Set.Icc 0 1 → 1 ≤ r → QuadraticTangZhang.beta a x t ^ r / (1 - a * x * t) ≤ QuadraticTangZhang.boxEnvelope a h t ^ r / (1 - (a ^ 2 + h) / 2 * t)	Not reached from verified project declarations; retained in the selected upstream module/import closure. No use as an exclusion assumption.
QuadraticTangZhang.rectangle_envelope_power_bound	QuadraticTangZhang/RectangleBounds.lean	62	false	propext; Classical.choice; Quot.sound	∀ {a x A h t r R : ℝ}, 0 ≤ a → a < 1 → x ≤ 1 → 0 ≤ A → A ≤ a → 0 ≤ h → h ≤ 1 - QuadraticTangZhang.beta a x 1 → t ∈ Set.Icc 0 1 → 0 ≤ R → R ≤ r → QuadraticTangZhang.beta a x t ^ r ≤ QuadraticTangZhang.boxEnvelope A h t ^ R	Not reached from verified project declarations; retained in the selected upstream module/import closure. No use as an exclusion assumption.
QuadraticTangZhang.rectangle_envelope_quotient_bound	QuadraticTangZhang/RectangleBounds.lean	80	false	propext; Classical.choice; Quot.sound	∀ {a x A Z h t r R : ℝ}, 0 ≤ a → a < 1 → x ≤ 1 → 0 ≤ A → A ≤ a → a ≤ Z → 0 ≤ h → h ≤ 1 - QuadraticTangZhang.beta a x 1 → t ∈ Set.Icc 0 1 → 1 ≤ r → 0 ≤ R → R ≤ r → (Z ^ 2 + h) / 2 < 1 → QuadraticTangZhang.beta a x t ^ r / (1 - a * x * t) ≤ QuadraticTangZhang.boxEnvelope A h t ^ R / (1 - (Z ^ 2 + h) / 2 * t)	Not reached from verified project declarations; retained in the selected upstream module/import closure. No use as an exclusion assumption.
QuadraticTangZhang.polar_le_linear	QuadraticTangZhang/BetaBounds.lean	14	false	propext; Classical.choice; Quot.sound	∀ {a x s t : ℝ}, s ≤ 1 → 0 ≤ t → t ≤ 1 → QuadraticTangZhang.polarQuadratic a x s t ≤ 1 + (1 - a ^ 2) * (-1 + (2 - QuadraticTangZhang.beta a x 1) * t)	Not reached from verified project declarations; retained in the selected upstream module/import closure. No use as an exclusion assumption.
QuadraticTangZhang.polar_exponential	QuadraticTangZhang/BetaBounds.lean	21	false	propext; Classical.choice; Quot.sound	∀ {a x s : ℝ}, x ^ 2 ≤ s → s ≤ 1 → ∀ {m : ℕ}, 1 ≤ ∫ (t : ℝ) in 0..1, QuadraticTangZhang.polarQuadratic a x s t ^ (↑m / 2) → 1 ≤ ∫ (t : ℝ) in 0..1, Real.exp (↑m / 2 * (1 - a ^ 2) * (-1 + (2 - QuadraticTangZhang.beta a x 1) * t))	Not reached from verified project declarations; retained in the selected upstream module/import closure. No use as an exclusion assumption.
QuadraticTangZhang.beta_rational_bound	QuadraticTangZhang/BetaBounds.lean	43	false	propext; Classical.choice; Quot.sound	∀ {a x s : ℝ}, 0 < a → a < 1 → x ≤ 1 → x ^ 2 ≤ s → s ≤ 1 → ∀ {m : ℕ}, 0 < m → 1 ≤ ∫ (t : ℝ) in 0..1, QuadraticTangZhang.polarQuadratic a x s t ^ (↑m / 2) → have α := ↑m / 2 * (1 - a ^ 2); 0 < QuadraticTangZhang.beta a x 1 ∧ QuadraticTangZhang.beta a x 1 < α / (1 + α) ∧ α / (1 + α) < 1 ∧ a / 2 < x	Not reached from verified project declarations; retained in the selected upstream module/import closure. No use as an exclusion assumption.
QuadraticTangZhang.beta_log_bound	QuadraticTangZhang/BetaBounds.lean	65	false	propext; Classical.choice; Quot.sound	∀ {a x s : ℝ}, 0 < a → a < 1 → x ≤ 1 → x ^ 2 ≤ s → s ≤ 1 → ∀ {m : ℕ}, 0 < m → 1 ≤ ∫ (t : ℝ) in 0..1, QuadraticTangZhang.polarQuadratic a x s t ^ (↑m / 2) → have α := ↑m / 2 * (1 - a ^ 2); Real.log α / α < 1 - QuadraticTangZhang.beta a x 1	Not reached from verified project declarations; retained in the selected upstream module/import closure. No use as an exclusion assumption.
QuadraticTangZhang.prod_norm_le_exact_moment	QuadraticTangZhang/Polar.lean	19	false	propext; Classical.choice; Quot.sound	∀ {q : Multiset ℂ}, 0 < q.card → ∀ {a x s t : ℝ}, (Multiset.map Complex.re q).sum = ↑q.card * x → (Multiset.map (fun v => ‖v‖ ^ 2) q).sum = ↑q.card * s → (Multiset.map (fun v => ‖↑a + ↑t * (1 - ↑a ^ 2) * v‖) q).prod ≤ QuadraticTangZhang.polarQuadratic a x s t ^ (↑q.card / 2)	Not reached from verified project declarations; retained in the selected upstream module/import closure. No use as an exclusion assumption.
QuadraticTangZhang.exact_polar_inequality	QuadraticTangZhang/Polar.lean	58	false	propext; Classical.choice; Quot.sound	∀ {q : Multiset ℂ}, 0 < q.card → ∀ {a x s : ℝ}, (Multiset.map Complex.re q).sum = ↑q.card * x → (Multiset.map (fun v => ‖v‖ ^ 2) q).sum = ↑q.card * s → 1 ≤ ∫ (t : ℝ) in 0..1, (Multiset.map (fun v => ‖↑a + ↑t * (1 - ↑a ^ 2) * v‖) q).prod → 1 ≤ ∫ (t : ℝ) in 0..1, QuadraticTangZhang.polarQuadratic a x s t ^ (↑q.card / 2)	Not reached from verified project declarations; retained in the selected upstream module/import closure. No use as an exclusion assumption.
QuadraticTangZhang.polarQuadratic_nonneg	QuadraticTangZhang/Polar.lean	72	false	propext; Classical.choice; Quot.sound	∀ {a x s t : ℝ}, x ^ 2 ≤ s → 0 ≤ QuadraticTangZhang.polarQuadratic a x s t	Not reached from verified project declarations; retained in the selected upstream module/import closure. No use as an exclusion assumption.
QuadraticTangZhang.polarQuadratic_le_square	QuadraticTangZhang/Polar.lean	78	false	propext; Classical.choice; Quot.sound	∀ {a x s t : ℝ}, 0 ≤ a → a ≤ 1 → x ≤ 1 → s ≤ 1 → 0 ≤ t → QuadraticTangZhang.polarQuadratic a x s t ≤ (a + (1 - a ^ 2) * t) ^ 2	Not reached from verified project declarations; retained in the selected upstream module/import closure. No use as an exclusion assumption.
QuadraticTangZhang.small_degree_polar_contradiction	QuadraticTangZhang/Polar.lean	87	false	propext; Classical.choice; Quot.sound	∀ {a x s : ℝ}, 0 < a → a < 1 → x ≤ 1 → x ^ 2 ≤ s → s ≤ 1 → ∀ {m : ℕ}, 1 ≤ m → m ≤ 4 → 1 ≤ ∫ (t : ℝ) in 0..1, QuadraticTangZhang.polarQuadratic a x s t ^ (↑m / 2) → False	Not reached from verified project declarations; retained in the selected upstream module/import closure. No use as an exclusion assumption.
Sendov.norm_sub_le_norm_one_sub_mul	Sendov/Analytic/PolarBase.lean	50	false	propext; Classical.choice; Quot.sound	∀ {a : ℝ}, |a| ≤ 1 → ∀ {z : ℂ}, ‖z‖ ≤ 1 → ‖↑a - z‖ ≤ ‖1 - ↑a * z‖	Not reached from verified project declarations; retained in the selected upstream module/import closure. No use as an exclusion assumption.
Sendov.norm_multiset_prod	Sendov/Analytic/PolarBase.lean	75	false	propext; Classical.choice; Quot.sound	∀ (s : Multiset ℂ), ‖s.prod‖ = (Multiset.map (fun w => ‖w‖) s).prod	Not reached from verified project declarations; retained in the selected upstream module/import closure. No use as an exclusion assumption.
Sendov.prod_map_le_of_le	Sendov/Analytic/PolarBase.lean	80	false	propext; Classical.choice; Quot.sound	∀ {s : Multiset ℂ} {f g : ℂ → ℂ}, (∀ w ∈ s, ‖f w‖ ≤ ‖g w‖) → (Multiset.map (fun w => ‖f w‖) s).prod ≤ (Multiset.map (fun w => ‖g w‖) s).prod	Not reached from verified project declarations; retained in the selected upstream module/import closure. No use as an exclusion assumption.
Sendov.norm_prod_map	Sendov/Analytic/PolarBase.lean	98	false	propext; Classical.choice; Quot.sound	∀ (s : Multiset ℂ) (f : ℂ → ℂ), ‖(Multiset.map f s).prod‖ = (Multiset.map (fun w => ‖f w‖) s).prod	Not reached from verified project declarations; retained in the selected upstream module/import closure. No use as an exclusion assumption.
Sendov.prod_map_norm_nonneg	Sendov/Analytic/PolarBase.lean	103	false	propext; Classical.choice; Quot.sound	∀ (s : Multiset ℂ) (f : ℂ → ℂ), 0 ≤ (Multiset.map (fun w => ‖f w‖) s).prod	Not reached from verified project declarations; retained in the selected upstream module/import closure. No use as an exclusion assumption.
Sendov.one_le_integral_prod_norm	Sendov/Analytic/PolarBase.lean	115	false	propext; Classical.choice; Quot.sound	∀ {n : ℕ}, 2 ≤ n → ∀ {a : ℝ}, |a| ≤ 1 → ∀ {z q : Multiset ℂ}, (∀ w ∈ z, ‖w‖ ≤ 1) → q.prod * (Multiset.map (fun w => 1 - ↑a * w) z).prod = ↑n * ∫ (t : ℝ) in 0..1, (Multiset.map (fun v => ↑a + ↑t * (1 - ↑a ^ 2) * v) q).prod → q.prod * (Multiset.map (fun w => ↑a - w) z).prod = ↑n → 1 ≤ ∫ (t : ℝ) in 0..1, (Multiset.map (fun v => ‖↑a + ↑t * (1 - ↑a ^ 2) * v‖) q).prod	Not reached from verified project declarations; retained in the selected upstream module/import closure. No use as an exclusion assumption.
Sendov.norm_sq_add_real_mul	Sendov/Analytic/PolarBase.lean	158	false	propext; Classical.choice; Quot.sound	∀ (a s : ℝ) (v : ℂ), ‖↑a + ↑s * v‖ ^ 2 = a ^ 2 + 2 * a * s * v.re + s ^ 2 * ‖v‖ ^ 2	Not reached from verified project declarations; retained in the selected upstream module/import closure. No use as an exclusion assumption.
Sendov.prod_map_sq	Sendov/Analytic/PolarBase.lean	165	false	propext; Classical.choice; Quot.sound	∀ (s : Multiset ℂ) (f : ℂ → ℝ), (Multiset.map (fun v => f v ^ 2) s).prod = (Multiset.map f s).prod ^ 2	Not reached from verified project declarations; retained in the selected upstream module/import closure. No use as an exclusion assumption.
Sendov.sum_norm_sq_split	Sendov/Analytic/PolarBase.lean	174	false	propext; Classical.choice; Quot.sound	∀ (a s : ℝ) (q : Multiset ℂ), (Multiset.map (fun v => ‖↑a + ↑s * v‖ ^ 2) q).sum = ↑q.card * a ^ 2 + 2 * a * s * (Multiset.map (fun v => v.re) q).sum + s ^ 2 * (Multiset.map (fun v => ‖v‖ ^ 2) q).sum	Not reached from verified project declarations; retained in the selected upstream module/import closure. No use as an exclusion assumption.
Sendov.sum_norm_sq_le_card	Sendov/Analytic/PolarBase.lean	186	false	propext; Classical.choice; Quot.sound	∀ (q : Multiset ℂ), (∀ v ∈ q, ‖v‖ ≤ 1) → (Multiset.map (fun v => ‖v‖ ^ 2) q).sum ≤ ↑q.card	Not reached from verified project declarations; retained in the selected upstream module/import closure. No use as an exclusion assumption.
Sendov.continuous_prod_norm	Sendov/Analytic/PolarBase.lean	197	false	propext; Classical.choice; Quot.sound	∀ (a : ℝ) (q : Multiset ℂ), Continuous fun t => (Multiset.map (fun v => ‖↑a + ↑t * (1 - ↑a ^ 2) * v‖) q).prod	Not reached from verified project declarations; retained in the selected upstream module/import closure. No use as an exclusion assumption.
QuadraticTangZhang.smallIntegral_mul	QuadraticTangZhang/SmallDegrees.lean	11	false	propext; Classical.choice; Quot.sound	∀ (a : ℝ) (k : ℕ), (1 - a ^ 2) * QuadraticTangZhang.smallIntegral a k = ((a + (1 - a ^ 2)) ^ (k + 1) - a ^ (k + 1)) / (↑k + 1)	Not reached from verified project declarations; retained in the selected upstream module/import closure. No use as an exclusion assumption.
QuadraticTangZhang.smallIntegral_one	QuadraticTangZhang/SmallDegrees.lean	18	false	propext; Classical.choice; Quot.sound	∀ (a : ℝ), a ^ 2 ≠ 1 → 1 - QuadraticTangZhang.smallIntegral a 1 = (1 - a) ^ 2 / 2	Not reached from verified project declarations; retained in the selected upstream module/import closure. No use as an exclusion assumption.
QuadraticTangZhang.smallIntegral_two	QuadraticTangZhang/SmallDegrees.lean	27	false	propext; Classical.choice; Quot.sound	∀ (a : ℝ), a ^ 2 ≠ 1 → 1 - QuadraticTangZhang.smallIntegral a 2 = (2 - a) * (1 - a) ^ 2 * (a + 1) / 3	Not reached from verified project declarations; retained in the selected upstream module/import closure. No use as an exclusion assumption.
QuadraticTangZhang.smallIntegral_three	QuadraticTangZhang/SmallDegrees.lean	36	false	propext; Classical.choice; Quot.sound	∀ (a : ℝ), a ^ 2 ≠ 1 → 1 - QuadraticTangZhang.smallIntegral a 3 = (1 - a) ^ 2 * (a ^ 4 - 2 * a ^ 3 - 2 * a ^ 2 + 2 * a + 3) / 4	Not reached from verified project declarations; retained in the selected upstream module/import closure. No use as an exclusion assumption.
QuadraticTangZhang.smallIntegral_four	QuadraticTangZhang/SmallDegrees.lean	46	false	propext; Classical.choice; Quot.sound	∀ (a : ℝ), a ^ 2 ≠ 1 → 1 - QuadraticTangZhang.smallIntegral a 4 = (1 - a) ^ 3 * (1 + a) / 5 * (a ^ 4 - 3 * a ^ 3 + 3 * a + 4)	Not reached from verified project declarations; retained in the selected upstream module/import closure. No use as an exclusion assumption.
QuadraticTangZhang.smallIntegral_lt_one	QuadraticTangZhang/SmallDegrees.lean	57	false	propext; Classical.choice; Quot.sound	∀ {a : ℝ}, 0 < a → a < 1 → ∀ {k : ℕ}, 1 ≤ k → k ≤ 4 → QuadraticTangZhang.smallIntegral a k < 1	Not reached from verified project declarations; retained in the selected upstream module/import closure. No use as an exclusion assumption.
Sendov.integral_exp_mul	Sendov/Reduction/BetaBound.lean	43	false	propext; Classical.choice; Quot.sound	∀ {c : ℝ}, c ≠ 0 → ∀ (a b : ℝ), ∫ (t : ℝ) in a..b, Real.exp (c * t) = (Real.exp (c * b) - Real.exp (c * a)) / c	Not reached from verified project declarations; retained in the selected upstream module/import closure. No use as an exclusion assumption.
Sendov.integral_exp_eq	Sendov/Reduction/BetaBound.lean	51	false	propext; Classical.choice; Quot.sound	∀ {α B : ℝ}, 0 < α → B < 2 → ∫ (t : ℝ) in 0..1, Real.exp (α * (-1 + (2 - B) * t)) = Real.exp (-(α * B / 2)) * (Real.sinh (α * (2 - B) / 2) / (α * (2 - B) / 2))	Not reached from verified project declarations; retained in the selected upstream module/import closure. No use as an exclusion assumption.
Sendov.integral_exp_eq'	Sendov/Reduction/BetaBound.lean	72	false	propext; Classical.choice; Quot.sound	∀ {α B : ℝ}, 0 < α → B < 2 → ∫ (t : ℝ) in 0..1, Real.exp (α * (-1 + (2 - B) * t)) = (Real.exp (α * (1 - B)) - Real.exp (-α)) / (α * (2 - B))	Not reached from verified project declarations; retained in the selected upstream module/import closure. No use as an exclusion assumption.
Sendov.beta_lt_two	Sendov/Reduction/BetaBound.lean	89	false	propext; Classical.choice; Quot.sound	∀ {α B : ℝ}, 0 < α → 1 ≤ ∫ (t : ℝ) in 0..1, Real.exp (α * (-1 + (2 - B) * t)) → B < 2	Not reached from verified project declarations; retained in the selected upstream module/import closure. No use as an exclusion assumption.
Sendov.beta_le	Sendov/Reduction/BetaBound.lean	109	false	propext; Classical.choice; Quot.sound	∀ {α B : ℝ}, 0 < α → 0 ≤ B → 1 ≤ ∫ (t : ℝ) in 0..1, Real.exp (α * (-1 + (2 - B) * t)) → B ≤ α / (3 + α)	Not reached from verified project declarations; retained in the selected upstream module/import closure. No use as an exclusion assumption.
Sendov.log_le_alpha_mul	Sendov/Reduction/BetaBound.lean	141	false	propext; Classical.choice; Quot.sound	∀ {α B : ℝ}, 0 < α → B ≤ 1 → 1 ≤ ∫ (t : ℝ) in 0..1, Real.exp (α * (-1 + (2 - B) * t)) → Real.log α ≤ α * (1 - B)	Not reached from verified project declarations; retained in the selected upstream module/import closure. No use as an exclusion assumption.
Sendov.sinh_sq_le	Sendov/Common/Sinh.lean	214	false	propext; Classical.choice; Quot.sound	∀ {h : ℝ}, 0 ≤ h → (h ^ 2 + 9) * (h * Real.cosh h - Real.sinh h) ^ 2 ≤ h ^ 4 * Real.sinh h ^ 2	Not reached from verified project declarations; retained in the selected upstream module/import closure. No use as an exclusion assumption.
Sendov.sqrt_mul_sub_le	Sendov/Common/Sinh.lean	233	false	propext; Classical.choice; Quot.sound	∀ {h : ℝ}, 0 ≤ h → √(h ^ 2 + 9) * (h * Real.cosh h - Real.sinh h) ≤ h ^ 2 * Real.sinh h	Not reached from verified project declarations; retained in the selected upstream module/import closure. No use as an exclusion assumption.
Sendov.log_sinh_div_le	Sendov/Common/Sinh.lean	245	false	propext; Classical.choice; Quot.sound	∀ {h : ℝ}, 0 < h → Real.log (Real.sinh h / h) ≤ √(h ^ 2 + 9) - 3	Not reached from verified project declarations; retained in the selected upstream module/import closure. No use as an exclusion assumption.
Sendov.sinh_le_mul_exp	Sendov/Common/Sinh.lean	302	false	propext; Classical.choice; Quot.sound	∀ {h : ℝ}, 0 ≤ h → Real.sinh h ≤ h * Real.exp (√(h ^ 2 + 9) - 3)	Not reached from verified project declarations; retained in the selected upstream module/import closure. No use as an exclusion assumption.
QuadraticTangZhang.rho_pos_of_polar	QuadraticTangZhang/RhoBounds.lean	8	false	propext; Classical.choice; Quot.sound	∀ {a x s : ℝ}, 0 ≤ a → a < 1 → x ^ 2 ≤ s → ∀ {m : ℕ}, 0 < m → 1 ≤ ∫ (t : ℝ) in 0..1, QuadraticTangZhang.polarQuadratic a x s t ^ (↑m / 2) → 0 < QuadraticTangZhang.rho a x s	Not reached from verified project declarations; retained in the selected upstream module/import closure. No use as an exclusion assumption.
QuadraticTangZhang.chord_polar_bound	QuadraticTangZhang/RhoBounds.lean	35	false	propext; Classical.choice; Quot.sound	∀ {a x s : ℝ}, 0 ≤ a → a < 1 → x ^ 2 ≤ s → ∀ {m : ℕ}, 0 < m → 1 ≤ ∫ (t : ℝ) in 0..1, QuadraticTangZhang.polarQuadratic a x s t ^ (↑m / 2) → (1 + (1 - a ^ 2) * QuadraticTangZhang.rho a x s) ^ (↑m / 2 + 1) - a ^ (m + 2) - (↑m / 2 + 1) * (1 - a ^ 2) * (1 + QuadraticTangZhang.rho a x s) ≥ 0	Not reached from verified project declarations; retained in the selected upstream module/import closure. No use as an exclusion assumption.
QuadraticTangZhang.rho_log_lower_bound	QuadraticTangZhang/RhoBounds.lean	73	false	propext; Classical.choice; Quot.sound	∀ {a x s : ℝ}, 0 ≤ a → a < 1 → x ^ 2 ≤ s → ∀ {m : ℕ}, 0 < m → 1 ≤ ∫ (t : ℝ) in 0..1, QuadraticTangZhang.polarQuadratic a x s t ^ (↑m / 2) → 1 < (↑m / 2 + 1) * (1 - a ^ 2) → Real.log ((↑m / 2 + 1) * (1 - a ^ 2)) / ((↑m / 2 + 1) * (1 - a ^ 2)) ≤ QuadraticTangZhang.rho a x s	Not reached from verified project declarations; retained in the selected upstream module/import closure. No use as an exclusion assumption.

